gamma,num_trajectories,finish_reward,fall_reward,step_reward,epsilon,avg_elapsed_time,std_training_time_per_sample,avg_steps,eval_std_steps,finish_percent
0.9,5000,10,-10,-1,0.01,17.290432313332833,2.418291954680595,67.74444444444445,24.60422778083795,0.9888888888888889
0.99,10000,100,-10,-10,0.01,371.65161010466664,28.28905328498809,65.04444444444444,23.33043368226294,1.0
0.95,1000,10,-1000,-1,1,0.762517287999799,0.09055755763840512,150.0,0.0,0.0
0.99,5000,10,-1000,-10,0.01,304.1519017603332,8.774530201745105,63.4,24.397996274739903,0.9888888888888889
0.99,1000,100,-1000,-1,1,2.6722885696666103,0.500244135303899,76.78888888888889,34.06121758260964,0.9111111111111111
0.99,1000,10,-1000,-10,0.005,716.4771937346662,144.11607695459585,61.02222222222222,22.21059695919834,1.0
0.95,5000,100,-10,-10,0.1,22.03618746833369,1.2102471778469286,73.32222222222222,28.00469316929169,0.9777777777777777
0.9,5000,0,-100,-10,0.1,11.152272982667759,1.0451746267116393,63.94444444444445,23.54775814340395,1.0
0.9,1000,10,-10,-1,1,0.7734532016669012,0.18821436774251177,150.0,0.0,0.0
0.99,1000,10,-100,-1,1,1.3892515219995403,0.14214988616949617,150.0,0.0,0.0
0.9,5000,10,-1000,-10,0.005,95.20623157133377,8.325209213366467,67.4888888888889,23.384821499066653,1.0
0.9,5000,10,-1000,-10,1,3.478993865332692,0.6150935515850321,121.89999999999999,42.04760529579671,0.3333333333333333
0.9,1000,10,-100,0,0.01,0.07341040933291272,0.00047732795582088966,150.0,0.0,0.0
0.9,1000,0,-10,0,1,0.07281942600093316,0.0014927861222000136,150.0,0.0,0.0
0.95,10000,0,-100,0,1,0.1815428173346542,0.004089663147060239,150.0,0.0,0.0
0.95,1000,0,-1000,0,0.01,0.0711671303336819,0.0006102216569480832,150.0,0.0,0.0
0.95,10000,0,-100,0,0.005,0.18044031800066782,0.0036057407153192683,150.0,0.0,0.0
0.95,5000,100,-100,-1,0.01,77.81686615766618,12.267211237627055,65.9888888888889,24.895557142432036,1.0
0.99,10000,100,-1000,0,0.01,43.864322588998526,6.033426507842769,65.02222222222223,24.568714422921314,1.0
0.9,5000,0,-1000,0,0.1,0.12527594566563494,0.000871777412246806,150.0,0.0,0.0
0.99,1000,0,-10,-10,0.01,179.50322374799967,31.98032981403502,65.73333333333333,22.66607842373954,1.0
0.95,5000,10,-10,-10,1,5.205466909332851,0.15450136753464186,62.81111111111111,23.39605590903658,1.0
0.9,10000,100,-10,-1,0.1,18.043869150666676,4.083146108751182,64.55555555555556,22.538417134164064,0.9888888888888889
0.95,10000,0,-100,-10,0.01,151.75356573366784,28.42531047067275,66.8888888888889,26.612630436795083,0.9888888888888889
0.99,5000,10,-100,-10,0.005,556.9774021683334,38.206471746712914,64.22222222222221,24.784304073244858,0.9888888888888889
0.9,5000,100,-10,-1,0.005,110.64395136300057,17.091884508258957,63.144444444444446,24.38558823527222,1.0
0.95,10000,100,-1000,-10,0.005,445.7972952559988,48.74103223356537,64.35555555555555,24.54533724043965,0.9888888888888889
0.95,1000,100,-10,0,0.01,0.07541965866766986,0.0007081196167359425,150.0,0.0,0.0
0.9,5000,100,-10,0,0.01,60.67279703633297,7.543657654881184,63.366666666666674,21.615555098637238,1.0
0.9,5000,100,-10,0,0.005,30.994454638667474,43.65642189289223,119.04444444444444,46.17861725255559,0.3333333333333333
0.95,1000,0,-10,0,0.1,0.07413276199925652,0.0031401953842105754,150.0,0.0,0.0
0.9,1000,10,-10,-10,1,2.332058817667227,0.3633484164977018,102.37777777777778,44.477854109352435,0.6
0.95,10000,0,-1000,0,0.1,0.18469058933381652,0.001384592562406475,150.0,0.0,0.0
0.95,5000,0,-10,-1,0.005,31.40526510366423,8.529807487855521,65.52222222222223,21.708281971930425,1.0
0.9,5000,100,-100,-1,0.005,106.29821075066745,29.859883759558606,68.56666666666666,24.632431196832083,0.9888888888888889
0.9,1000,100,-100,-1,1,1.6706833593331492,0.7754561689747398,114.77777777777779,40.52811857293314,0.5111111111111111
0.99,5000,100,-10,0,0.1,6.333449589000035,0.3685152854920958,69.52222222222223,25.047611453114104,0.9888888888888889
0.9,5000,100,-100,-10,0.1,15.64511265166584,5.327210561598751,69.05555555555556,25.18745768614526,0.9888888888888889
0.9,10000,10,-10,0,0.005,13.404799300333252,9.48597010311338,94.95555555555556,44.76231329319369,0.6555555555555556
0.9,10000,0,-10,-1,0.1,4.257836123000743,0.226361418675087,150.0,0.0,0.0
0.99,1000,10,-100,-1,0.01,29.64647545666594,6.817619680937411,66.77777777777777,25.70550212515159,0.9888888888888889
0.99,5000,0,-100,-10,0.01,331.5088051176669,25.45843539276702,64.82222222222224,26.229151626801208,0.9777777777777777
0.95,1000,0,-10,-10,1,3.308447638666015,0.2814348118758994,84.17777777777779,36.35032562219362,0.8666666666666667
0.9,10000,10,-1000,-1,0.1,5.5338951006657835,0.634672235817876,103.72222222222221,42.654432563145775,0.6222222222222222
0.9,1000,10,-1000,-1,0.1,2.7985264099988854,0.4257387001702053,87.55555555555556,38.87275855949371,0.8
0.95,1000,100,-100,-1,0.005,111.64003995333285,16.561732072743784,60.87777777777777,21.740810461116045,1.0
0.95,5000,100,-100,-1,1,2.67805376066705,0.17429379993994865,68.74444444444443,27.758306508987786,0.9777777777777777
0.9,5000,10,-10,-1,0.1,4.027928849999928,0.43397899299888204,66.87777777777778,25.51375567012943,0.9888888888888889
0.95,10000,100,-100,-10,0.1,29.885051158665494,3.646188278425969,65.65555555555555,29.078499545239076,0.9777777777777777
0.9,5000,100,-10,-1,0.1,9.22324126600021,2.169788592108337,75.39999999999999,31.30842981974308,0.9555555555555556
0.99,5000,10,-100,-10,0.1,37.751238249666734,4.657260045518171,65.57777777777777,25.399902789743017,0.9888888888888889
0.9,10000,10,-1000,0,1,1.020864964333062,0.09402532404032114,137.68888888888887,27.566745039970996,0.18888888888888888
0.99,5000,100,-1000,-1,0.1,10.054466852333766,1.277394863033321,62.677777777777784,23.372741853030316,1.0
0.99,1000,100,-10,-1,0.005,104.15992408799987,4.867900655590088,63.25555555555556,23.56294695354981,1.0
0.99,10000,0,-1000,0,1,0.18527350500031994,0.0019170531622486754,150.0,0.0,0.0
0.95,10000,10,-1000,-10,0.01,150.37278719633227,5.616265149737456,65.63333333333333,25.56058163135834,1.0
0.95,5000,0,-100,-1,1,1.1422794573324306,0.1086093946615565,150.0,0.0,0.0
0.95,1000,100,-1000,-1,0.01,56.235592014001064,10.904721374099937,67.62222222222222,25.604069892533264,0.9777777777777777
0.99,10000,100,-100,-1,1,7.192011902334343,0.5606012375998337,63.48888888888889,20.875421190398608,1.0
0.9,5000,100,-1000,-1,0.1,12.607820643332767,1.4638990945280317,62.75555555555555,20.2848115654771,1.0
0.9,10000,0,-100,0,0.01,0.19083210900013606,0.0008089612154440953,150.0,0.0,0.0
0.9,10000,100,-100,-1,0.01,70.97447267899891,13.213577898829913,67.24444444444444,25.64428076204262,0.9888888888888889
0.99,5000,0,-100,-10,1,7.91521690200049,0.946351080029615,67.31111111111112,24.248090162798594,1.0
0.95,5000,100,-100,-10,0.01,167.47619148300024,13.979479998582393,70.22222222222223,26.559692843679823,1.0
0.99,1000,0,-10,-1,0.1,4.950337474664896,0.7707675870772553,67.61111111111111,25.406777068090598,1.0
0.99,1000,100,-10,0,1,0.8717493486656167,1.1316447763748454,120.3,43.40979152219001,0.3333333333333333
0.99,10000,0,-100,-10,1,11.000984244667052,0.6736413836132555,63.92222222222222,23.869658926845826,0.9888888888888889
0.99,1000,10,-100,-1,0.005,60.24280489333493,4.22778059054902,63.944444444444436,20.226693644846385,1.0
0.99,10000,0,-10,0,0.01,0.18567095333249503,0.0015278019970162066,150.0,0.0,0.0
0.95,5000,0,-1000,-1,1,1.0156991203342234,0.06396611673632498,150.0,0.0,0.0
0.95,1000,0,-100,-10,0.1,10.87104150266532,0.5903464944918099,65.92222222222222,23.48485458889896,1.0
0.9,5000,100,-100,-1,0.01,62.344986117002314,6.025172376905599,68.43333333333334,24.756166459647538,1.0
0.95,5000,100,-1000,0,1,1.0367089316678175,1.2886027143632284,121.10000000000001,42.572304507873554,0.3333333333333333
0.95,10000,10,-100,-10,1,7.263525527000941,0.29898986500091035,68.91111111111111,28.9523149887859,0.9555555555555556
0.95,1000,100,-100,-1,0.01,35.300485910332405,1.6934045104521607,65.88888888888889,23.808235944005432,1.0
0.99,1000,100,-100,0,1,0.7791723249999146,0.995277221192232,132.63333333333333,31.67699831458502,0.26666666666666666
0.99,5000,100,-100,-1,0.005,125.37352974199894,6.843368573573004,64.21111111111111,25.99508263090645,0.9888888888888889
0.95,10000,100,-1000,-1,0.005,184.3939847996662,28.89414420063497,68.23333333333333,27.501939325557874,0.9888888888888889
0.9,10000,100,-1000,-10,0.005,318.5410737776668,26.48014446795546,64.33333333333333,22.646069072676706,1.0
0.95,5000,10,-10,-10,0.01,134.92137376166647,16.454135889399133,63.98888888888888,23.740492573961497,1.0
0.9,1000,100,-100,-10,0.005,194.1143184966677,25.862430191970994,66.62222222222222,26.350027525930294,0.9777777777777777
0.99,1000,100,-1000,-10,1,6.066321784333316,1.0147628004283826,72.11111111111111,27.379815941449536,0.9777777777777777
0.99,10000,0,-10,-1,0.1,11.147477228000449,1.153538053653087,64.32222222222224,21.53437963287634,1.0
0.99,1000,100,-1000,-1,0.01,59.55062693733271,5.744179554087252,65.3888888888889,26.34459440418447,0.9777777777777777
0.9,5000,100,-10,-10,1,3.3666245283335834,0.15450178404348622,102.35555555555557,40.15700052740524,0.6555555555555556
0.9,1000,10,-100,0,0.005,4.175728210666421,5.8017574546339485,127.97777777777777,36.13677037090484,0.3111111111111111
0.9,5000,10,-100,0,0.005,0.12634382499891217,0.0016909490434559957,150.0,0.0,0.0
0.99,1000,0,-10,-1,0.005,56.54871096733526,3.484385491591882,67.22222222222221,22.985878649378417,1.0
0.99,1000,10,-1000,-1,0.005,62.10456480566548,5.684517888918429,69.77777777777777,27.100954381627627,0.9888888888888889
0.99,5000,100,-10,-10,0.005,535.7349755153336,42.74444111167433,68.12222222222222,29.742535114911245,0.9666666666666667
0.99,1000,10,-100,0,0.01,2.1155331103327626,2.88933593893442,122.02222222222223,41.52535444434394,0.3333333333333333
0.9,5000,0,-10,0,1,0.1263056179996056,0.0018724269895640812,150.0,0.0,0.0
0.99,5000,10,-1000,-1,0.005,67.08998182199987,8.234568098409433,66.86666666666667,24.9916430476714,1.0
0.95,5000,10,-100,0,1,0.6943893493335054,0.4056624777990004,118.62222222222222,38.908033382945426,0.4777777777777778
0.95,10000,100,-10,0,0.1,6.944318743000622,4.803259048621416,91.3,45.48417307152017,0.6555555555555556
0.9,10000,10,-1000,0,0.01,4.3880936856670205,5.945534600606981,119.56666666666666,44.83997472494084,0.3333333333333333
0.9,5000,10,-10,0,0.005,4.608766233999631,6.338493783226991,122.55555555555556,41.578870464886386,0.3333333333333333
0.9,5000,10,-100,0,0.1,1.7939344843337797,1.2005508609833822,92.47777777777777,45.75131516695638,0.6555555555555556
0.9,5000,0,-10,-10,0.1,11.865509336999821,0.9709560288402004,64.81111111111112,24.458079530514816,0.9888888888888889
0.9,10000,10,-1000,0,0.1,1.8910080576655066,1.2230538519669767,98.07777777777778,43.69826535529447,0.6444444444444445
