gamma,training_episodes,finish_reward,fall_reward,step_reward,learning_rate,learning_rate_decay,entropy_bonus,avg_steps,std_steps,final_reward,final_loss,success_rate,execution_time
0.9,1000,0,-10,-1,0.01,0.9,0.2,200.0,nan,-200,0.0013657985586813127,0.0,7.389037147004274
0.9,1000,0,-10,-1,1.0,1.0,0.001,193.86,55.04469427062829,-200,-0.03993820752800047,0.07,7.3411336350109195
0.9,1000,0,-100,-1,0.001,1.0,0.005,200.0,nan,-200,6.79472725885688e-05,0.0,7.330962331005139
0.9,1000,0,-100,-1,1.0,0.9,0.01,200.0,nan,-200,0.0022979418835862918,0.0,7.347983491999912
0.9,1000,0,-1000,0,0.5,0.95,0.001,200.0,nan,0,-0.0,0.0,7.217269932007184
0.9,1000,0,-1000,-10,0.001,1.0,0.01,200.0,nan,-2000,-7.487671549931463e-05,0.0,7.252613542004838
0.9,1000,0,-1000,-10,1.0,1.0,0.01,198.4,0.0,-2000,-0.002754154467592773,0.01,7.335980987001676
0.9,1000,10,-10,0,0.001,1.0,0.001,192.36,53.24210948321096,0,-0.0,0.12,7.302389850010513
0.9,1000,10,-10,-10,0.5,0.999,0.05,198.16,51.0,-2000,-0.28015162401448945,0.02,7.314421317001688
0.9,1000,10,-100,-10,0.001,0.95,0.2,196.21,43.24124831171685,-2000,-9.402876111856528e-05,0.06,7.333333800008404
0.9,1000,10,-100,-10,0.01,1.0,0.005,200.0,nan,-2000,0.001736643149592183,0.0,7.2884402940107975
0.9,1000,10,-100,-10,0.1,0.95,0.005,197.73,26.5,-2000,0.008789912614709898,0.02,7.31433838699013
0.9,1000,10,-100,-10,0.5,1.0,0.01,200.0,nan,-2000,0.09246253900718486,0.0,7.311373730000923
0.9,1000,10,-1000,-10,0.001,0.999,0.05,200.0,nan,-2000,7.19482502727331e-05,0.0,7.346731493991683
0.9,1000,10,-1000,-10,1.0,0.9,0.001,199.45,0.5,-2000,-0.03810485454502949,0.02,7.324594267993234
0.9,1000,100,-10,0,1.0,0.99,0.05,200.0,nan,0,-0.0,0.0,7.292582337002386
0.9,1000,100,-10,-10,0.001,0.9,0.01,200.0,nan,-2000,0.0004594510076195135,0.0,7.304145093992702
0.9,1000,100,-10,-10,0.5,0.95,0.1,200.0,nan,-2000,0.16179803391916883,0.0,7.31220623999252
0.9,1000,100,-100,0,1.0,1.0,0.001,199.97,0.0,0,-0.0,0.01,7.291967900004238
0.9,1000,100,-100,-1,0.001,0.95,0.2,198.11,52.5,-200,-5.0908760391301656e-05,0.02,7.349670480005443
0.9,1000,100,-100,-1,0.01,0.99,0.2,200.0,nan,-200,0.003305088614064928,0.0,7.280523249995895
0.9,1000,100,-1000,0,0.01,0.95,0.005,200.0,nan,0,-0.0,0.0,7.2624361789930845
0.9,1000,100,-1000,-1,0.5,1.0,0.1,200.0,nan,-200,0.06355282073510846,0.0,7.3636797400104115
0.9,10000,0,-100,-10,0.001,0.999,0.05,200.0,nan,-830,5.9972487073842306e-05,0.0,71.31884666399856
0.9,10000,0,-1000,0,0.1,0.99,0.2,200.0,nan,0,-0.0,0.0,70.31511551699077
0.9,10000,0,-1000,-1,1.0,0.999,0.005,195.14,25.480384612481814,-200,0.02597025632890179,0.04,72.04812669500825
0.9,10000,10,-10,-10,0.5,0.9,0.005,188.25,47.97781876815577,-2000,-0.08637192434226598,0.16,70.90458146700985
0.9,10000,10,-10,-10,1.0,1.0,0.02,200.0,nan,-2000,-0.03734408618233918,0.0,71.68533633700281
0.9,10000,10,-1000,0,0.5,0.95,0.001,200.0,nan,0,-0.0,0.0,70.81955174199538
0.9,10000,100,-10,0,1.0,1.0,0.05,200.0,nan,0,-0.0,0.0,70.8108921499952
0.9,10000,100,-10,-1,0.5,0.99,0.01,198.02,36.0,-200,-0.0342900133507963,0.02,71.14323471600073
0.9,10000,100,-10,-1,1.0,0.95,0.02,194.88,21.920310216782973,-200,-0.07731740208288869,0.04,70.85568069800502
0.9,10000,100,-100,0,0.5,0.95,0.1,189.83,49.159517524740885,0,-0.0,0.14,70.02065008600766
0.9,10000,100,-1000,-1,0.01,1.0,0.01,196.49,14.060138690638865,-200,0.0022061962347736143,0.04,70.17977391599561
0.9,10000,100,-1000,-10,0.5,0.95,0.1,200.0,nan,-2000,-1.5309940121221998e-12,0.0,70.50490392500069
0.9,10000,100,-1000,-10,1.0,1.0,0.005,199.22,2.0,-2000,0.06869553731811781,0.02,71.14276848398731
0.9,10000,100,-1000,-10,1.0,1.0,0.05,200.0,nan,-2000,-0.07194251129182751,0.0,71.1849022940005
0.9,50000,0,-10,0,0.1,1.0,0.001,200.0,nan,0,-0.0,0.0,351.9343248100049
0.9,50000,0,-100,-10,0.001,0.95,0.005,198.85,0.0,-2000,0.0002587069539382014,0.01,356.2437011519942
0.9,50000,10,-100,-1,0.001,1.0,0.02,195.31,30.7199330356413,-200,0.00018786234839456738,0.07,357.5019502780051
0.9,50000,10,-100,-10,0.001,0.9,0.001,200.0,nan,-2000,-0.00019827799386607837,0.0,350.35736337600974
0.9,50000,10,-100,-10,0.5,1.0,0.02,200.0,nan,-2000,-0.008295781247358067,0.0,350.95499454399396
0.9,50000,10,-100,-10,1.0,0.999,0.01,199.05,0.0,-2000,0.002932372199552038,0.01,351.0994444350072
0.9,50000,100,-10,0,0.01,1.0,0.1,199.94,0.0,0,-0.0,0.01,352.1257429319958
0.9,50000,100,-10,-10,0.5,1.0,0.2,184.42,34.903128422856625,-2000,-0.0720978084804142,0.17,351.8710970310058
0.9,50000,100,-100,-1,1.0,0.999,0.005,199.99,0.0,-200,-0.06414319615772193,0.01,353.32416326399834
0.95,1000,0,-10,-10,0.1,0.9,0.001,200.0,nan,-2000,0.0019363784064017865,0.0,7.224059221000061
0.95,1000,0,-100,0,1.0,0.95,0.005,200.0,nan,0,-0.0,0.0,7.219086736004101
0.95,1000,0,-100,-1,0.1,0.95,0.05,200.0,nan,-200,0.006708092165061004,0.0,7.262203097998281
0.95,1000,0,-100,-1,1.0,0.95,0.001,200.0,nan,-200,0.1819862743166849,0.0,7.209055386992986
0.95,1000,0,-100,-10,1.0,0.9,0.01,200.0,nan,-2000,0.14148056120385236,0.0,7.183891062013572
0.95,1000,0,-1000,0,1.0,1.0,0.005,200.0,nan,0,-0.0,0.0,7.2340924110030755
0.95,1000,10,-10,-1,0.01,0.999,0.001,196.81,45.16289959690365,-200,-0.0015154894070658997,0.04,7.2045265909982845
0.95,1000,10,-10,-10,0.01,0.99,0.2,200.0,nan,-2000,0.0002602053230839374,0.0,7.204187278999598
0.95,1000,10,-100,0,0.1,0.99,0.02,200.0,nan,0,-0.0,0.0,7.159794178005541
0.95,1000,10,-100,-10,0.001,1.0,0.01,195.45,42.05769846294493,-2000,8.750247772226772e-06,0.1,7.166910660991562
0.95,1000,10,-1000,-1,0.5,0.99,0.005,197.75,41.811332195948985,-200,0.1548044811738836,0.04,7.168257053999696
0.95,1000,10,-1000,-10,0.001,0.99,0.05,200.0,nan,-2000,-1.753582751639726e-05,0.0,7.15199650300201
0.95,1000,100,-100,0,0.01,0.95,0.02,200.0,nan,0,-0.0,0.0,7.173961692999001
0.95,1000,100,-100,0,0.5,1.0,0.005,200.0,nan,0,-0.0,0.0,7.085860731007415
0.95,1000,100,-100,-1,0.001,1.0,0.001,200.0,nan,-200,-9.80659300859088e-05,0.0,7.172680119998404
0.95,1000,100,-100,-1,1.0,0.95,0.02,196.08,60.337016462164875,-200,0.1822322297842793,0.06,7.153217576997122
0.95,1000,100,-1000,0,0.01,0.9,0.001,199.0,49.0,0,-0.0,0.02,7.154013853010838
0.95,10000,0,-10,0,0.1,0.9,0.02,200.0,nan,0,-0.0,0.0,70.00538979198609
0.95,10000,0,-10,-10,0.001,0.99,0.05,199.58,0.0,-2000,4.381759307449329e-05,0.01,70.80826017199433
0.95,10000,0,-100,-10,1.0,1.0,0.2,200.0,nan,-2000,-0.0032493020017105214,0.0,71.3044927699957
0.95,10000,0,-1000,0,0.001,0.99,0.02,200.0,nan,0,-0.0,0.0,70.66460526299488
0.95,10000,0,-1000,-10,0.001,0.99,0.05,200.0,nan,-2000,-0.00018999342464709912,0.0,71.01211366799544
0.95,10000,0,-1000,-10,0.01,0.999,0.005,200.0,nan,-2000,-0.0018177317465541876,0.0,71.10666171800403
0.95,10000,10,-10,0,0.1,0.99,0.05,200.0,nan,0,-0.0,0.0,70.33669686700159
0.95,10000,10,-10,-1,0.1,0.99,0.001,200.0,nan,-200,0.016972663620955827,0.0,70.54361313200206
0.95,10000,10,-100,-10,0.1,0.9,0.005,198.04,36.0,-2000,0.009085709160208353,0.02,70.91862963499443
0.95,10000,10,-100,-10,0.1,0.99,0.2,200.0,nan,-2000,-0.006221239888230343,0.0,70.8712344730011
0.95,10000,10,-1000,0,0.01,0.95,0.001,200.0,nan,0,-0.0,0.0,70.7389253040019
0.95,10000,10,-1000,0,0.01,1.0,0.1,200.0,nan,0,-0.0,0.0,70.79537086500204
0.95,10000,10,-1000,0,1.0,0.9,0.1,180.66,50.52880132472578,0,-0.0,0.26,69.80447062500753
0.95,10000,10,-1000,-1,0.5,0.999,0.02,200.0,nan,-200,0.09144692350890943,0.0,70.63287424998998
0.95,10000,100,-1000,0,0.5,1.0,0.05,187.09,47.84902181747177,0,-0.0,0.15,70.62953011199716
0.95,10000,100,-1000,-10,0.001,0.95,0.2,198.76,41.0,-2000,-4.3245208948334834e-05,0.02,70.28055245999712
0.95,50000,0,-10,0,0.01,0.99,0.01,200.0,nan,0,-0.0,0.0,350.7251137870044
0.95,50000,0,-10,-10,0.1,0.95,0.02,198.96,0.0,-2000,0.01194775848108847,0.01,353.56406202798826
0.95,50000,0,-10,-10,0.5,1.0,0.1,196.79,0.5,-2000,-0.17829393861051654,0.02,351.3180699749937
0.95,50000,0,-100,0,0.01,0.99,0.2,200.0,nan,0,-0.0,0.0,352.8029727170069
0.95,50000,0,-100,0,0.5,1.0,0.005,200.0,nan,0,-0.0,0.0,351.3456277170044
0.95,50000,0,-100,-1,0.001,0.999,0.005,193.0,35.908614167474795,-200,-0.0001715077048321234,0.07,353.0096384080098
0.95,50000,0,-100,-10,0.5,0.999,0.2,200.0,nan,-2000,9.89002513782436e-13,0.0,352.489499688003
0.95,50000,0,-1000,0,0.5,0.999,0.01,200.0,nan,0,-0.0,0.0,349.86065229499945
0.95,50000,0,-1000,0,0.5,1.0,0.005,200.0,nan,0,-0.0,0.0,351.62098509201314
0.95,50000,0,-1000,-1,0.001,0.95,0.1,200.0,nan,-200,-0.000297859336735371,0.0,352.5449572910002
0.95,50000,0,-1000,-1,0.01,0.99,0.2,200.0,nan,-200,-0.0007096112849588821,0.0,353.124482195999
0.95,50000,0,-1000,-1,0.1,0.9,0.2,200.0,nan,-200,-0.0347875543084389,0.0,354.1821575810027
0.95,50000,10,-10,0,0.01,0.95,0.01,196.77,25.048752463945185,0,-0.0,0.05,349.267005968999
0.95,50000,10,-100,0,1.0,0.9,0.1,200.0,nan,0,-0.0,0.0,349.2032951919973
0.95,50000,10,-1000,0,0.001,0.999,0.01,200.0,nan,0,-0.0,0.0,352.55067727400456
0.95,50000,10,-1000,0,0.1,0.999,0.02,194.87,32.735047477181595,0,-0.0,0.06,349.9710724530014
0.95,50000,10,-1000,0,0.5,0.9,0.01,198.09,27.632509034750274,0,-0.0,0.03,350.74218982600723
0.95,50000,10,-1000,-10,0.001,0.99,0.005,195.12,46.3956894549483,-2000,1.2674013281497309e-05,0.1,353.6570418170013
0.95,50000,100,-10,0,0.1,1.0,0.05,188.91,29.128851676645272,0,-0.0,0.1,351.5628887460043
0.95,50000,100,-10,0,1.0,0.99,0.05,148.15,44.18381742473393,0,-0.0,0.6,351.9257852879964
0.95,50000,100,-100,-10,0.5,0.9,0.1,200.0,nan,-2000,8.034622168973104e-11,0.0,352.48748278198764
0.95,50000,100,-100,-10,0.5,0.999,0.02,193.37,11.246768243294042,-2000,-0.00014614995096199124,0.07,355.12547309299407
0.99,1000,0,-10,-1,0.1,1.0,0.001,200.0,nan,-200,0.005244106031482189,0.0,7.33899247199588
0.99,1000,0,-10,-1,0.5,0.95,0.001,200.0,nan,-200,0.07590767420993569,0.0,7.37048368199612
0.99,1000,0,-10,-10,0.01,1.0,0.02,193.52,44.35493208201316,-2000,-0.002619009825902623,0.1,7.313737463002326
0.99,1000,0,-10,-10,0.5,1.0,0.02,200.0,nan,-2000,0.23014683226601715,0.0,7.309750136992079
0.99,1000,0,-100,-1,0.01,0.9,0.2,197.33,39.0517605236947,-200,-0.0010651947469079203,0.05,7.357305219993577
0.99,1000,0,-1000,0,0.001,0.999,0.01,200.0,nan,0,-0.0,0.0,7.192933590995381
0.99,1000,0,-1000,-10,0.01,1.0,0.2,198.53,50.5,-2000,-0.001284864565083197,0.02,7.272741842010873
0.99,1000,0,-1000,-10,0.1,0.95,0.1,200.0,nan,-2000,0.013095683749899152,0.0,7.240021359990351
0.99,1000,10,-10,0,0.001,1.0,0.2,199.94,0.0,0,-0.0,0.01,7.259897470998112
0.99,1000,10,-10,-1,0.5,0.9,0.1,200.0,nan,-200,-0.05163487364197323,0.0,7.334510009997757
0.99,1000,10,-10,-1,1.0,0.99,0.1,200.0,nan,-200,0.005808993577944186,0.0,7.3098707139870385
0.99,1000,10,-100,-10,0.001,0.95,0.01,200.0,nan,-2000,-0.0002061001941356011,0.0,7.27638809599739
0.99,1000,10,-1000,0,1.0,0.9,0.2,194.45,36.23857578603221,0,-0.0,0.08,7.292573174010613
0.99,1000,10,-1000,-1,1.0,0.999,0.1,200.0,nan,-200,0.05001872899774582,0.0,7.322263277004822
0.99,1000,100,-10,-1,0.01,0.999,0.005,168.86,44.46270316556468,-200,0.003084790876739376,0.42,7.265683418998378
0.99,1000,100,-10,-1,1.0,1.0,0.05,197.71,41.5,-200,-0.1408999458612656,0.02,7.284545557005913
0.99,1000,100,-100,-1,0.5,1.0,0.02,200.0,nan,-200,0.05043881048546581,0.0,7.256266251002671
0.99,1000,100,-100,-10,1.0,0.95,0.02,188.81,37.58484400147164,-2000,0.1121469704177786,0.19,7.24534038901038
0.99,1000,100,-1000,-10,0.001,0.95,0.05,200.0,nan,-2000,-0.00010235651875390772,0.0,7.250170881001395
0.99,10000,0,-10,0,0.001,0.95,0.2,200.0,nan,0,-0.0,0.0,70.36809147099848
0.99,10000,0,-10,-10,1.0,0.99,0.001,199.62,0.0,-2000,0.37080810466204894,0.01,71.10341559999506
0.99,10000,0,-100,0,0.01,0.999,0.1,200.0,nan,0,-0.0,0.0,70.49553893700067
0.99,10000,0,-100,0,0.1,0.999,0.01,200.0,nan,0,-0.0,0.0,70.62082591700891
0.99,10000,0,-1000,0,0.001,0.95,0.001,200.0,nan,0,-0.0,0.0,70.73585694898793
0.99,10000,0,-1000,-1,1.0,1.0,0.1,196.87,45.95801223822555,-200,0.046015149109657656,0.06,70.94847540800401
0.99,10000,10,-10,-1,0.01,0.9,0.005,200.0,nan,-200,0.001312036160409491,0.0,70.8406427000009
0.99,10000,10,-1000,-1,0.1,0.99,0.2,197.76,34.899856733230294,-200,-0.009611674689196121,0.04,70.98096364599769
0.99,10000,10,-1000,-1,0.5,0.999,0.001,200.0,nan,-200,0.06700656499675742,0.0,71.35044992099574
0.99,10000,100,-100,0,1.0,0.9,0.01,184.26,45.36055827383058,0,-0.0,0.18,70.83914287001244
0.99,10000,100,-1000,-1,0.01,0.999,0.1,199.34,13.0,-200,0.0022426511072519873,0.02,71.20945637399564
0.99,50000,0,-10,0,0.001,0.9,0.005,200.0,nan,0,-0.0,0.0,351.5067510610097
0.99,50000,0,-10,-1,0.5,0.9,0.01,198.85,13.5,-200,0.004525577226333439,0.02,355.10610154298774
0.99,50000,0,-10,-10,0.5,1.0,0.05,200.0,nan,-2000,0.007469417709534234,0.0,353.64850884399493
0.99,50000,0,-100,0,0.01,0.95,0.001,200.0,nan,0,-0.0,0.0,350.760556164998
0.99,50000,0,-1000,0,0.1,0.999,0.02,200.0,nan,0,-0.0,0.0,351.8004670289956
0.99,50000,0,-1000,0,0.5,1.0,0.005,200.0,nan,0,-0.0,0.0,352.6046318360022
0.99,50000,0,-1000,-10,0.5,0.95,0.005,194.75,35.94440151122286,-2000,-0.06696458541216878,0.05,354.9884675399953
0.99,50000,10,-10,0,0.5,1.0,0.1,184.82,49.41012042082067,0,-0.0,0.15,353.01268083600735
0.99,50000,10,-10,-10,0.01,1.0,0.05,200.0,nan,-2000,-5.9691420099881045e-05,0.0,355.33426119200885
0.99,50000,10,-100,0,0.1,1.0,0.2,146.0,45.35548111324063,0,-0.0,0.62,352.8010664439935
0.99,50000,10,-100,0,0.5,0.999,0.2,200.0,nan,0,-0.0,0.0,374.27304615099274
0.99,50000,10,-100,-1,0.001,0.9,0.005,200.0,nan,-200,-6.606309509294306e-05,0.0,409.6106682140089
0.99,50000,10,-100,-10,1.0,1.0,0.001,197.81,37.5,-2000,-0.0005701133223162991,0.02,428.4625517349923
0.99,50000,10,-1000,-10,0.1,0.95,0.01,200.0,nan,-2000,0.0037207894555778154,0.0,422.73649933100387
0.99,50000,10,-1000,-10,1.0,0.9,0.1,200.0,nan,-2000,0.059538557633857764,0.0,420.8309510520048
0.99,50000,100,-10,-1,0.5,0.999,0.05,200.0,nan,-200,-0.3059659799930834,0.0,421.7814390639978
0.99,50000,100,-100,-1,0.01,0.99,0.01,199.24,27.0,-200,0.0033616063584525333,0.02,421.5665810930077
0.99,50000,100,-100,-1,0.5,0.9,0.01,200.0,nan,-200,-0.06342942661202246,0.0,404.9370844100049
0.99,50000,100,-1000,0,0.01,0.95,0.01,200.0,nan,0,-0.0,0.0,400.7458615649957
