gamma,num_trajectories,finish_reward,fall_reward,step_reward,epsilon,avg_elapsed_time,std_training_time_per_sample,avg_steps,eval_std_steps,finish_percent,reward_combo,reward_structure
0.95,1000,100,-100,-1,0.005,1.8606673325555474,16.561732072743784,60.87777777777777,21.740810461116045,100.0,"F:100.0,Fl:-100.0,S:-1.0","Fin:100,Fl:-100,St:-1"
0.99,1000,10,-1000,-10,0.005,11.941286562244438,144.11607695459583,61.02222222222222,22.21059695919834,100.0,"F:10.0,Fl:-1000.0,S:-10.0","Fin:10,Fl:-1000,St:-10"
0.99,5000,100,-1000,-1,0.1,0.1675744475388961,1.277394863033321,62.67777777777778,23.37274185303032,100.0,"F:100.0,Fl:-1000.0,S:-1.0","Fin:100,Fl:-1000,St:-1"
0.9,5000,100,-1000,-1,0.1,0.21013034405554615,1.4638990945280317,62.75555555555555,20.2848115654771,100.0,"F:100.0,Fl:-1000.0,S:-1.0","Fin:100,Fl:-1000,St:-1"
0.95,5000,10,-10,-10,1.0,0.08675778182221419,0.1545013675346418,62.81111111111111,23.39605590903658,100.0,"F:10.0,Fl:-10.0,S:-10.0","Fin:10,Fl:-10,St:-10"
0.9,5000,100,-10,-1,0.005,1.8440658560500092,17.091884508258957,63.144444444444446,24.38558823527222,100.0,"F:100.0,Fl:-10.0,S:-1.0","Fin:100,Fl:-10,St:-1"
0.99,1000,100,-10,-1,0.005,1.7359987347999981,4.867900655590088,63.25555555555556,23.56294695354981,100.0,"F:100.0,Fl:-10.0,S:-1.0","Fin:100,Fl:-10,St:-1"
0.9,5000,100,-10,0,0.01,1.011213283938883,7.543657654881184,63.366666666666674,21.61555509863724,100.0,"F:100.0,Fl:-10.0,S:0.0","Fin:100,Fl:-10,St:0"
0.99,10000,100,-100,-1,1.0,0.11986686503890571,0.5606012375998337,63.48888888888889,20.875421190398608,100.0,"F:100.0,Fl:-100.0,S:-1.0","Fin:100,Fl:-100,St:-1"
0.99,1000,10,-100,-1,0.005,1.0040467482222488,4.22778059054902,63.94444444444444,20.226693644846385,100.0,"F:10.0,Fl:-100.0,S:-1.0","Fin:10,Fl:-100,St:-1"
