gamma,training_episodes,finish_reward,fall_reward,step_reward,learning_rate,learning_rate_decay,avg_steps,std_steps,final_reward,final_loss,success_rate,execution_time
0.9,1000,0,-10,0,1.0,0.999,200.0,nan,0,-0.0,0.0,8.133263668001746
0.9,1000,0,-10,-1,0.01,0.95,200.0,nan,-200,-11.9237876197493,0.0,7.743346647999715
0.9,1000,0,-10,-1,0.1,0.99,200.0,nan,-200,-0.00029355949182777207,0.0,7.67722358500032
0.9,1000,0,-100,0,0.001,1.0,200.0,nan,0,-0.0,0.0,7.61467739499858
0.9,1000,0,-100,0,0.01,1.0,200.0,nan,0,-0.0,0.0,7.5723735470019164
0.9,1000,0,-100,0,0.5,0.999,200.0,nan,0,-0.0,0.0,7.618526849997579
0.9,1000,0,-1000,0,0.01,0.95,200.0,nan,0,-0.0,0.0,7.580068373001268
0.9,1000,0,-1000,0,0.01,0.99,200.0,nan,0,-0.0,0.0,7.554754433000198
0.9,1000,0,-1000,0,0.5,0.99,200.0,nan,0,-0.0,0.0,7.6095493889988575
0.9,1000,0,-1000,-1,0.001,0.99,199.8,0.0,-200,-12.019176249349488,0.01,7.597277785000188
0.9,1000,0,-1000,-1,0.1,0.9,200.0,nan,-200,-0.04596553576652997,0.0,7.65024252999865
0.9,1000,0,-1000,-10,1.0,0.95,200.0,nan,-2000,-0.0,0.0,7.692323093997402
0.9,1000,10,-10,0,0.001,0.999,164.56,47.35847848869876,0,-0.0,0.38,7.508390839997446
0.9,1000,10,-10,-1,0.001,1.0,200.0,nan,-200,-12.012554561821059,0.0,7.641247965002549
0.9,1000,10,-10,-10,1.0,0.95,191.21,34.33787995785412,-2000,-6.5489436096520945e-12,0.1,7.421929137999541
0.9,1000,10,-100,0,0.5,1.0,173.43,43.472123573703485,0,-0.0,0.33,6.886498735999339
0.9,1000,10,-100,-1,1.0,0.95,196.67,12.027745701779143,-200,-0.9551095366714395,0.03,7.656198469998344
0.9,1000,10,-1000,-1,0.001,0.95,200.0,nan,-200,-11.97328578844821,0.0,7.61843547999888
0.9,1000,100,-10,0,1.0,0.99,200.0,nan,0,-0.0,0.0,7.425388806997944
0.9,1000,100,-100,0,0.01,1.0,156.75,40.95839439411216,100,15.119231078767095,0.58,7.324796611999773
0.9,1000,100,-100,0,0.1,0.9,200.0,nan,0,-0.0,0.0,7.608498169996892
0.9,1000,100,-100,-1,0.001,0.999,189.17,46.3782694540344,-200,-11.96592561382311,0.14,7.612346817000798
0.9,1000,100,-100,-1,0.5,0.9,200.0,nan,-200,-2.8020861188974884,0.0,7.67147985399788
0.9,1000,100,-100,-10,1.0,1.0,191.89,51.67748042882,-2000,-0.0,0.11,7.371516366001742
0.9,1000,100,-1000,0,1.0,0.99,166.75,48.38191165094658,0,-0.0,0.4,6.524307399999088
0.9,1000,100,-1000,-1,0.001,0.9,200.0,nan,-11,0.5196132162000406,0.0,7.633087604001048
0.9,1000,100,-1000,-1,0.001,0.95,200.0,nan,-200,-11.956470615736361,0.0,7.666652672000055
0.9,10000,0,-10,0,0.001,0.95,200.0,nan,0,-0.0,0.0,73.75379423399863
0.9,10000,0,-10,0,0.01,0.999,200.0,nan,0,-0.0,0.0,74.07448908800143
0.9,10000,0,-10,0,1.0,0.95,200.0,nan,0,-0.0,0.0,74.12069536499985
0.9,10000,0,-10,-1,0.01,0.9,200.0,nan,-200,-11.9011644545008,0.0,74.77094136300002
0.9,10000,0,-10,-10,0.5,0.99,200.0,nan,-2000,-4.1463743938688876e-10,0.0,74.83913679599937
0.9,10000,0,-10,-10,1.0,0.95,200.0,nan,-2000,-5.391678770144748e-12,0.0,74.79621169999882
0.9,10000,0,-100,-1,0.01,0.999,197.8,18.0,-200,-11.992646141534328,0.02,74.14113167299729
0.9,10000,0,-100,-10,0.01,0.9,199.61,0.0,-2000,-111.79534060144717,0.01,73.97318357499898
0.9,10000,0,-1000,-1,0.5,0.9,199.41,0.0,-200,-3.1950288726006386,0.01,73.47532605300148
0.9,10000,10,-10,-10,0.1,0.9,200.0,nan,-2000,-0.0,0.0,74.52708483400056
0.9,10000,10,-10,-10,0.1,1.0,200.0,nan,-2000,-4.404174555945774e-05,0.0,74.6146569900011
0.9,10000,10,-100,0,0.5,1.0,109.57,43.28263039314963,10,0.00037605305578954616,0.8,53.60021414899893
0.9,10000,10,-100,-1,1.0,0.99,191.34,36.71039216028594,-200,-0.0009806739697587135,0.11,72.37004230499952
0.9,10000,10,-100,-10,0.5,0.99,200.0,nan,-2000,-0.0,0.0,74.4300090809993
0.9,10000,10,-100,-10,0.5,1.0,200.0,nan,-2000,-4.407319614867699e-10,0.0,74.70565701899977
0.9,10000,10,-100,-10,1.0,1.0,200.0,nan,-2000,-0.0,0.0,74.49908481899911
0.9,10000,10,-1000,-10,0.001,0.999,200.0,nan,-2000,-131.17222656014872,0.0,73.58198816599906
0.9,10000,100,-10,-10,0.5,1.0,200.0,nan,-2000,-1.449030678801781e-10,0.0,74.45186683000065
0.9,10000,100,-100,0,1.0,0.95,181.59,37.64880997122655,0,-0.0,0.23,67.7594899220021
0.9,10000,100,-100,-1,0.1,0.9,200.0,nan,-200,-9.222635811858195,0.0,72.96756567899865
0.9,10000,100,-100,-1,0.5,0.99,187.61,43.04644112757755,-200,-2.5499974400275436,0.16,73.32301999400079
0.9,10000,100,-100,-10,0.001,0.999,199.69,0.0,-2000,-131.11779676067766,0.01,73.43900983800268
0.9,10000,100,-100,-10,0.1,0.95,188.9,39.798101573930495,-2000,-0.1673967167701945,0.18,73.30120537499897
0.9,10000,100,-100,-10,0.5,0.999,183.17,38.80357524151023,-920,-1.6102838370109756e-08,0.19,68.66754343399953
0.9,10000,100,-1000,0,1.0,0.9,178.6,57.190417043879755,0,-0.0,0.22,73.19561519600029
0.9,10000,100,-1000,-1,1.0,0.99,199.79,0.0,-200,-6.429049868746363e-05,0.01,74.67111592299989
0.9,50000,0,-10,0,0.001,0.95,200.0,nan,0,-0.0,0.0,368.7923499160024
0.9,50000,0,-10,0,0.1,0.99,200.0,nan,0,-0.0,0.0,368.48628394499974
0.9,50000,0,-10,0,1.0,0.95,200.0,nan,0,-0.0,0.0,366.38590937700064
0.9,50000,0,-10,-10,0.001,0.9,200.0,nan,-2000,-129.8385049987115,0.0,370.2157478559966
0.9,50000,0,-10,-10,0.01,0.95,200.0,nan,-2000,-52.27242845118261,0.0,370.84283039799993
0.9,50000,0,-1000,0,0.01,1.0,200.0,nan,0,-0.0,0.0,367.10197763199903
0.9,50000,0,-1000,0,0.1,0.999,200.0,nan,0,-0.0,0.0,368.289650884999
0.9,50000,0,-1000,-1,0.1,0.9,200.0,nan,-200,-10.565442838722365,0.0,373.3050532009984
0.9,50000,0,-1000,-1,0.1,0.95,196.31,48.320975431655626,-200,-7.5684172295277,0.06,369.7811144419975
0.9,50000,0,-1000,-10,0.001,0.9,200.0,nan,-2000,-131.91415897048063,0.0,372.2590404220027
0.9,50000,10,-10,0,0.01,0.9,198.56,35.10935297989222,0,-0.0,0.03,368.07511257499937
0.9,50000,10,-10,-1,0.1,0.99,200.0,nan,-200,-7.515964037035778,0.0,367.8499570259992
0.9,50000,10,-100,0,0.001,0.9,177.62,47.069950572669825,0,-0.0,0.27,367.3974979600025
0.9,50000,10,-100,0,1.0,0.9,178.83,48.365872265472476,0,-0.0,0.25,367.84955869199985
0.9,50000,10,-100,0,1.0,0.99,185.48,44.11726797222753,10,0.534312413083116,0.18,360.0648641680018
0.9,50000,10,-100,-10,0.01,0.95,200.0,nan,-2000,-0.06987491650558832,0.0,373.83418345799873
0.9,50000,10,-100,-10,0.5,0.999,200.0,nan,-2000,-4.016912914267117e-08,0.0,372.4207183090002
0.9,50000,10,-1000,0,0.01,0.9,179.61,40.94812061902992,0,-0.0,0.23,367.8914951760016
0.9,50000,10,-1000,0,0.1,0.999,132.35,50.39007925459404,0,-0.0,0.71,341.31796198999655
0.9,50000,10,-1000,0,1.0,0.9,183.08,51.93870241798756,0,-0.0,0.19,367.28875887499817
0.9,50000,10,-1000,-1,0.01,0.95,200.0,nan,-200,-11.905067554217448,0.0,370.3264618599969
0.9,50000,10,-1000,-1,0.5,1.0,200.0,nan,-200,-1.2889025605693016e-07,0.0,372.72174868199727
0.9,50000,100,-10,0,1.0,0.9,184.55,43.84068361882836,0,-0.0,0.19,367.63099757300006
0.9,50000,100,-10,-10,0.5,1.0,198.43,0.0,-2000,-9.042903516280389e-08,0.01,373.6135751010006
0.9,50000,100,-100,0,0.5,1.0,171.63,40.40765878999783,0,-0.0,0.3,344.43676078499993
0.9,50000,100,-100,-1,0.001,0.99,200.0,nan,-200,-12.00489250923817,0.0,369.3222355329999
0.9,50000,100,-100,-1,1.0,0.95,200.0,nan,-200,-0.0006664866895637362,0.0,374.42730757099343
0.9,50000,100,-1000,0,0.001,1.0,64.94,22.635732813408097,100,0.20451514657547884,1.0,189.69845645699388
0.9,50000,100,-1000,0,0.1,0.95,184.37,51.81510933652032,0,-0.0,0.18,367.46610263099865
0.9,50000,100,-1000,-1,0.001,0.999,200.0,nan,-200,-11.98378171805326,0.0,368.17621847300325
0.95,1000,0,-10,-1,1.0,0.99,200.0,nan,-200,-0.0,0.0,7.58642274900194
0.95,1000,0,-100,0,1.0,1.0,200.0,nan,0,-0.0,0.0,7.526705067000876
0.95,1000,0,-100,-1,0.01,0.95,199.18,19.669491322575904,-200,-23.76777868881404,0.03,7.525480091993813
0.95,1000,0,-100,-10,0.1,1.0,197.52,16.048537489614297,-2000,-0.0007970884009286492,0.03,7.61699728199892
0.95,1000,0,-100,-10,0.5,0.95,198.77,42.42640687119285,-2000,-4.507084262399012e-10,0.03,7.659463381001842
0.95,1000,0,-1000,0,0.01,0.99,200.0,nan,0,-0.0,0.0,7.594836256997951
0.95,1000,0,-1000,-10,0.001,0.95,195.25,41.131942996822765,-2000,-248.01258523355486,0.07,7.499687237999751
0.95,1000,10,-10,0,0.01,1.0,132.01,42.874129264716416,0,-0.0,0.68,7.472051905999251
0.95,1000,10,-100,0,0.01,0.9,167.84,42.449998581107046,0,-0.0,0.41,7.497012166000786
0.95,1000,10,-100,0,0.5,1.0,152.87,45.86232434786555,0,-0.0,0.53,6.295182082001702
0.95,1000,10,-100,-1,0.001,0.95,200.0,nan,-200,-24.029868585238656,0.0,7.554616187997453
0.95,1000,10,-100,-10,0.01,0.9,199.73,0.0,-2000,-78.45380865882834,0.01,7.506128346001788
0.95,1000,10,-1000,0,0.001,1.0,182.19,42.49779151599556,0,-0.0,0.17,7.465420370004722
0.95,1000,10,-1000,0,0.1,0.99,177.04,39.0265640600343,0,-0.0,0.27,7.437421811002423
0.95,1000,10,-1000,0,0.1,1.0,164.82,40.94988048375995,10,0.19544154146309764,0.47,6.968840200002887
0.95,1000,10,-1000,-1,0.01,0.99,197.08,48.14561246884289,-200,-23.982052599337784,0.04,7.522010116001184
0.95,1000,10,-1000,-1,0.1,0.95,198.59,0.0,-200,-7.332588102001928,0.01,7.513185242001782
0.95,1000,10,-1000,-1,0.1,1.0,200.0,nan,-200,-6.786068883795058e-06,0.0,7.588711083997623
0.95,1000,100,-10,0,0.01,0.95,200.0,nan,0,-0.0,0.0,7.499327271005313
0.95,1000,100,-10,0,0.01,1.0,170.57,42.973180181085425,100,1.2136502965740867,0.33,7.10671717999503
0.95,1000,100,-10,-1,0.001,0.999,200.0,nan,-200,-23.98829853451739,0.0,7.4573570049979025
0.95,1000,100,-100,-1,0.5,0.99,200.0,nan,-200,-1.7746638333137866e-05,0.0,7.596350619998702
0.95,1000,100,-100,-1,0.5,1.0,200.0,nan,-200,-0.0,0.0,7.592969627999992
0.95,1000,100,-100,-1,1.0,0.95,189.73,30.519372515919002,-200,-0.003870585669186557,0.09,7.342214750999119
0.95,1000,100,-100,-10,0.001,0.9,200.0,nan,-2000,-250.71847459944536,0.0,7.487420993995329
0.95,1000,100,-100,-10,0.01,1.0,199.54,0.0,-2000,-9.974997589393677,0.01,7.499261990000377
0.95,1000,100,-1000,0,0.001,1.0,164.79,45.62098612480883,0,-0.0,0.4,7.374511000001803
0.95,1000,100,-1000,-1,0.01,0.9,200.0,nan,-200,-24.069651491153273,0.0,7.462864285997057
0.95,1000,100,-1000,-1,0.1,1.0,158.01,52.673342286723376,-200,-1.130080470577993,0.45,6.933264303996111
0.95,1000,100,-1000,-10,0.1,0.9,200.0,nan,-2000,-0.0,0.0,7.630647931000567
0.95,1000,100,-1000,-10,1.0,0.999,190.35,49.094297021140854,-2000,-0.0,0.1,7.528865494998172
0.95,10000,0,-10,0,0.5,0.9,200.0,nan,0,-0.0,0.0,74.02733823200106
0.95,10000,0,-10,-1,0.01,0.99,196.9,34.32081536541548,-200,-24.066072449138957,0.07,74.10600395000074
0.95,10000,0,-10,-10,0.1,0.999,198.68,0.0,-2000,-0.001163604370613886,0.01,74.98129092800082
0.95,10000,0,-10,-10,0.5,0.9,200.0,nan,-2000,-0.0,0.0,74.24060444600036
0.95,10000,0,-10,-10,0.5,0.99,188.6,38.48132664033297,-2000,-7.1746318542310134e-06,0.16,72.1382894260023
0.95,10000,0,-10,-10,1.0,0.95,193.38,30.15661598394796,-1950,-3.1582083078257874e-07,0.11,69.13167545100441
0.95,10000,0,-100,0,1.0,1.0,200.0,nan,0,-0.0,0.0,73.1335814289996
0.95,10000,0,-100,-1,1.0,0.9,200.0,nan,-200,-0.0,0.0,74.3178095559997
0.95,10000,0,-100,-1,1.0,0.95,200.0,nan,-200,-0.0007654056492705905,0.0,74.40594053499808
0.95,10000,0,-100,-10,0.01,1.0,189.8,36.3616097920137,-2000,-9.237989426550316,0.12,74.04314164200332
0.95,10000,0,-1000,0,0.01,0.9,200.0,nan,0,-0.0,0.0,74.13976983400062
0.95,10000,0,-1000,0,0.01,1.0,200.0,nan,0,-0.0,0.0,74.14348388199869
0.95,10000,0,-1000,-1,0.001,0.95,198.94,21.0,-200,-24.03742710539523,0.02,74.20079054300004
0.95,10000,0,-1000,-1,0.01,0.99,200.0,nan,-200,-23.967282178429844,0.0,73.29519012800301
0.95,10000,10,-10,0,0.01,1.0,75.7,28.936091972323286,10,0.4320223896966532,0.99,53.67106918799982
0.95,10000,10,-10,-10,0.001,0.99,200.0,nan,-2000,-249.2506958031644,0.0,74.3678979719989
0.95,10000,10,-10,-10,0.5,0.95,200.0,nan,-2000,-0.0,0.0,75.02093834999687
0.95,10000,10,-100,-1,0.01,0.999,199.12,0.0,-200,-24.03455074088539,0.01,74.07870348099823
0.95,10000,10,-100,-1,0.5,0.999,200.0,nan,-200,-0.3946448145336084,0.0,74.88359364499775
0.95,10000,10,-100,-1,1.0,0.99,194.94,46.64285106589814,-200,-0.05163591130305459,0.06,73.29538682100247
0.95,10000,10,-1000,0,0.1,0.9,194.24,43.42042530115675,0,-0.0,0.06,73.6358295750033
0.95,10000,10,-1000,0,1.0,0.95,191.33,46.52720292737248,0,-0.0,0.14,72.60132278499805
0.95,10000,10,-1000,-1,0.01,0.9,198.55,0.0,-200,-23.835667927018154,0.01,74.07919867800229
0.95,10000,10,-1000,-10,0.01,0.999,197.4,41.84362423223983,-2000,-91.23117448362679,0.03,74.24601375399652
0.95,10000,10,-1000,-10,0.5,0.99,194.68,47.8897543471312,-2000,-0.0,0.07,72.75498423200042
0.95,10000,100,-10,0,0.01,1.0,114.29,41.98209821631976,0,-0.0,0.81,50.29194188200199
0.95,10000,100,-10,-10,0.5,0.99,200.0,nan,-2000,-0.0,0.0,74.87746622299892
0.95,10000,100,-100,0,0.1,0.9,175.35,38.33078037934782,0,-0.0,0.28,73.91642649499408
0.95,10000,100,-100,-1,0.01,0.95,200.0,nan,-200,-23.92436878709158,0.0,74.08044996199897
0.95,10000,100,-100,-1,0.1,1.0,200.0,nan,-200,-8.923037832523514e-07,0.0,74.7626712719939
0.95,10000,100,-1000,0,0.01,0.999,103.87,41.00295258291585,100,2.668775865147093,0.91,48.75454841100145
0.95,10000,100,-1000,-1,0.1,0.95,200.0,nan,-200,-8.470927220546985,0.0,74.15571439899941
0.95,10000,100,-1000,-1,0.5,0.9,200.0,nan,-200,-1.0158760114840308,0.0,74.8154038529974
0.95,50000,0,-10,-1,0.5,0.999,194.65,44.25462938746885,-200,-1.4439700429771278,0.06,364.3330023369999
0.95,50000,0,-100,0,0.001,0.9,200.0,nan,0,-0.0,0.0,370.26334862899967
0.95,50000,0,-100,0,0.001,1.0,200.0,nan,0,-0.0,0.0,369.99775761899946
0.95,50000,0,-100,0,0.5,1.0,200.0,nan,0,-0.0,0.0,368.1098263820022
0.95,50000,0,-100,-1,0.001,0.99,195.07,55.57702362987385,-200,-23.95960810994334,0.06,370.59213936399465
0.95,50000,0,-100,-10,1.0,0.9,198.89,0.0,-2000,-0.0,0.01,373.8790177120027
0.95,50000,10,-10,0,0.01,0.9,200.0,nan,0,-0.0,0.0,368.25979427900165
0.95,50000,10,-10,0,0.5,0.999,138.67,46.423434695085724,10,0.08005484136443178,0.75,277.9645109310004
0.95,50000,10,-10,0,1.0,1.0,147.32,45.13115051836139,0,-0.0,0.61,266.13437915800023
0.95,50000,10,-10,-1,0.001,0.999,187.54,53.169075761046955,-200,-24.04085666552612,0.18,371.058647414
0.95,50000,10,-100,-1,0.01,0.999,200.0,nan,-200,-24.01593491833765,0.0,367.75345012499747
0.95,50000,10,-1000,-1,0.01,0.999,193.74,34.07873237079102,-200,-24.02741952015373,0.05,368.41482033899956
0.95,50000,100,-10,0,0.001,0.95,197.05,39.66862740252049,0,-0.0,0.05,369.9674371500005
0.95,50000,100,-10,-10,0.5,0.99,198.77,0.0,-2000,-0.0,0.01,370.37242918199627
0.95,50000,100,-100,0,0.1,1.0,189.11,45.921595131357144,0,-0.0,0.13,361.7287082670009
0.95,50000,100,-100,-1,0.5,0.95,197.21,20.90902915010642,-200,-0.3462192079411456,0.04,371.53523946699715
0.95,50000,100,-100,-10,0.001,0.95,200.0,nan,-2000,-247.0238091123097,0.0,371.1480624679971
0.95,50000,100,-100,-10,0.1,1.0,185.18,33.87908480970601,-2000,-0.00020616057428950207,0.17,361.21559340599924
0.95,50000,100,-1000,-10,0.01,1.0,200.0,nan,-2000,-1.3303154991560676e-05,0.0,371.6440845219986
0.95,50000,100,-1000,-10,0.1,0.99,200.0,nan,-2000,-0.0,0.0,372.4268066310033
0.99,1000,0,-10,-1,0.001,0.99,189.5,47.78842258678699,-200,-78.19436083894075,0.15,7.488952799001709
0.99,1000,0,-10,-1,0.01,0.999,195.91,33.55830746625938,-200,-59.8656532840487,0.05,7.510287593002431
0.99,1000,0,-10,-1,0.5,1.0,196.98,25.071010261965025,-200,-0.00018353460233497967,0.06,7.475691819003259
0.99,1000,0,-10,-1,1.0,0.9,195.24,40.929817981515626,-200,-3.6018113651591196e-05,0.08,7.5482859010007815
0.99,1000,0,-10,-1,1.0,0.95,200.0,nan,-200,-8.112707501530426e-06,0.0,7.723947132995818
0.99,1000,0,-10,-10,0.001,0.95,193.37,36.7593525514256,-2000,-604.2653103369317,0.06,7.67435451199708
0.99,1000,0,-100,0,0.5,0.95,200.0,nan,0,-0.0,0.0,7.5922581880004145
0.99,1000,0,-100,-1,0.1,0.95,193.46,43.350201844974144,-200,-3.0926500195803857,0.1,7.647411435005779
0.99,1000,0,-100,-1,0.1,0.99,193.92,41.63361652188479,-200,-2.736228400277003,0.09,7.296091062999039
0.99,1000,0,-100,-1,0.5,0.999,200.0,nan,-200,-0.0001242699194246503,0.0,7.607581172000209
0.99,1000,0,-1000,0,1.0,0.99,200.0,nan,0,-0.0,0.0,7.614867345997482
0.99,1000,0,-1000,-10,1.0,0.99,194.86,39.635337768208814,-2000,-0.0,0.05,7.627989872999024
0.99,1000,10,-10,-1,0.5,1.0,200.0,nan,-200,-2.621014053569887e-07,0.0,7.636020860998542
0.99,1000,10,-10,-10,0.001,0.9,200.0,nan,-2000,-636.7742602882038,0.0,7.580718175995571
0.99,1000,10,-10,-10,0.001,0.95,200.0,nan,-2000,-659.965745646403,0.0,7.593492150001111
0.99,1000,10,-10,-10,0.5,0.9,197.95,54.5,-2000,-0.0,0.02,7.636769752003602
0.99,1000,10,-10,-10,1.0,0.99,200.0,nan,-2000,-0.0,0.0,7.661141141004919
0.99,1000,10,-100,0,0.01,0.9,200.0,nan,0,-0.0,0.0,7.607143699002336
0.99,1000,10,-100,0,0.5,1.0,184.13,45.80313853875081,10,0.10544078681147881,0.2,7.091967783002474
0.99,1000,10,-100,-1,0.5,0.999,200.0,nan,-200,-3.610782092747042e-05,0.0,7.680551462995936
0.99,1000,10,-100,-1,0.5,1.0,194.87,45.065692790266375,-200,-1.8644785214162005e-05,0.06,7.572158652001235
0.99,1000,10,-1000,0,0.1,0.95,200.0,nan,0,-0.0,0.0,7.608926357999735
0.99,1000,10,-1000,-10,0.001,1.0,193.05,50.54102355244099,-2000,-422.3580901878653,0.09,7.524296935996972
0.99,1000,10,-1000,-10,0.01,0.999,189.97,38.54498093858078,-2000,-0.7775895258386805,0.15,7.321106843999587
0.99,1000,100,-10,0,0.001,1.0,200.0,nan,0,-0.0,0.0,7.547037017000548
0.99,1000,100,-10,-10,0.5,0.99,196.01,35.75695736496605,-2000,-0.0,0.05,7.4569146249996265
0.99,1000,100,-100,0,0.001,0.95,197.93,16.5,0,-0.0,0.02,7.551269219002279
0.99,1000,100,-100,0,0.001,0.99,155.96,43.681477893465605,0,-0.0,0.51,7.425457382996683
0.99,1000,100,-100,0,0.1,1.0,174.18,42.23618546535063,0,-0.0,0.29,7.041039866999199
0.99,1000,100,-100,0,0.5,1.0,175.91,48.05993732577661,0,-0.0,0.33,6.947489596997912
0.99,1000,100,-1000,-10,0.1,0.9,200.0,nan,-2000,-0.0,0.0,7.6316141720017185
0.99,10000,0,-10,-1,0.1,0.9,192.15,51.838692113131096,-200,-5.967728748342543,0.1,73.70837133599707
0.99,10000,0,-100,0,0.001,0.999,200.0,nan,0,-0.0,0.0,74.17338126400136
0.99,10000,0,-100,-1,0.1,0.99,200.0,nan,-200,-3.390669240988804,0.0,74.84651225699781
0.99,10000,0,-100,-10,1.0,0.95,200.0,nan,-2000,-3.951618476883672e-12,0.0,74.81928175000212
0.99,10000,0,-1000,0,1.0,0.95,200.0,nan,0,-0.0,0.0,73.8409386860003
0.99,10000,0,-1000,-1,0.001,0.95,200.0,nan,-200,-78.66604719400655,0.0,73.7689180870002
0.99,10000,0,-1000,-1,0.5,0.99,200.0,nan,-200,-0.0,0.0,75.4235959180005
0.99,10000,0,-1000,-10,0.5,0.999,199.64,0.0,-2000,-2.2685387197344876e-06,0.01,74.61839293099911
0.99,10000,10,-10,0,0.001,0.99,195.07,45.645067884955786,0,-0.0,0.06,73.51047254700097
0.99,10000,10,-10,0,0.5,0.99,155.73,37.71150529586591,0,-0.0,0.51,70.30906450300245
0.99,10000,10,-10,0,1.0,1.0,193.81,52.46728815681836,0,-0.0,0.07,72.80141299100069
0.99,10000,10,-10,-10,0.01,0.9,185.54,45.03202922931295,-520,-121.5812691131988,0.19,72.9753042270022
0.99,10000,10,-10,-10,0.1,0.95,200.0,nan,-2000,-4.9070192353895936e-14,0.0,75.11933491100353
0.99,10000,10,-100,0,0.001,0.9,198.15,43.5,0,-0.0,0.02,74.47786437800096
0.99,10000,10,-1000,0,0.1,0.999,143.08,36.99381471721134,0,-0.0,0.61,57.09318502699898
0.99,10000,10,-1000,-1,0.01,0.99,200.0,nan,-200,-41.62584885846851,0.0,73.72291898099502
0.99,10000,10,-1000,-10,0.001,0.999,193.71,61.864895588067135,-2000,-790.5340971629756,0.07,73.28490235099889
0.99,10000,10,-1000,-10,1.0,0.95,200.0,nan,-2000,-0.0,0.0,74.47108106399537
0.99,10000,100,-10,0,0.1,1.0,186.03,42.592564412229,0,-0.0,0.18,68.90520815399941
0.99,10000,100,-100,0,1.0,0.95,200.0,nan,0,-0.0,0.0,73.83988236000005
0.99,10000,100,-100,0,1.0,1.0,192.56,48.50658603621665,0,-0.0,0.09,72.55399235700315
0.99,10000,100,-100,-1,1.0,0.95,192.75,53.05753519356442,-200,-4.9385822742277395e-06,0.07,72.19571728099982
0.99,10000,100,-1000,0,1.0,0.9,196.95,33.2498955721,0,-0.0,0.03,74.17752096099866
0.99,10000,100,-1000,-1,0.001,0.95,200.0,nan,-200,-78.54795572442197,0.0,74.2136494899969
0.99,10000,100,-1000,-10,1.0,0.99,199.64,0.0,-2000,-0.0,0.01,74.90135875099804
0.99,50000,0,-10,0,0.5,0.9,200.0,nan,0,-0.0,0.0,368.8926813549988
0.99,50000,0,-10,-1,0.5,0.9,195.97,39.77385050096947,-200,-0.8007932127836928,0.07,368.90068020299805
0.99,50000,0,-100,-1,0.01,0.95,200.0,nan,-200,-76.51972987318821,0.0,373.67644602499786
0.99,50000,0,-100,-1,0.1,0.9,200.0,nan,-200,-5.813897539341621,0.0,374.8106801969989
0.99,50000,0,-1000,0,0.1,0.95,200.0,nan,0,-0.0,0.0,368.2666108810008
0.99,50000,0,-1000,0,0.5,1.0,200.0,nan,0,-0.0,0.0,368.72572179500276
0.99,50000,0,-1000,-10,1.0,0.99,200.0,nan,-2000,-1.8877599274949666e-09,0.0,374.30824374099757
0.99,50000,10,-10,0,1.0,0.99,170.22,38.096814616849755,0,-0.0,0.36,324.5371093249996
0.99,50000,10,-10,-1,0.5,0.95,200.0,nan,-200,-0.0,0.0,372.3954810799987
0.99,50000,10,-10,-1,1.0,0.9,200.0,nan,-200,-0.0,0.0,376.1902830339968
0.99,50000,10,-10,-1,1.0,0.95,197.03,17.409825984665286,-200,-8.64749383211567e-13,0.07,370.2913324559995
0.99,50000,10,-10,-10,0.1,0.95,200.0,nan,-2000,-9.491726487853048e-06,0.0,375.8241828609971
0.99,50000,10,-10,-10,0.5,0.99,195.73,16.21384867602041,-2000,-0.0,0.03,371.91876153900375
0.99,50000,10,-100,0,0.001,0.9,168.77,48.52986636076884,0,-0.0,0.39,369.4302505279993
0.99,50000,10,-100,-1,0.001,0.95,200.0,nan,-200,-78.13711947938654,0.0,370.21632409800077
0.99,50000,10,-100,-1,0.001,0.999,198.94,16.0,-200,-78.48091151556918,0.02,371.48279623200506
0.99,50000,10,-100,-10,0.001,1.0,200.0,nan,-2000,-311.4903698561073,0.0,369.75571450999996
0.99,50000,10,-100,-10,0.1,0.95,182.32,48.93028550403291,-2000,-6.823670109263372e-05,0.18,353.21852734500135
0.99,50000,10,-100,-10,0.5,0.9,200.0,nan,-2000,-0.0,0.0,373.3272714910054
0.99,50000,10,-1000,0,0.001,0.95,200.0,nan,0,-0.0,0.0,370.9974393079974
0.99,50000,10,-1000,-1,0.001,0.999,197.15,32.59888801784503,-200,-78.47699613574278,0.04,370.6092421939975
0.99,50000,10,-1000,-10,1.0,0.95,200.0,nan,-2000,-0.0,0.0,373.5215905619989
0.99,50000,100,-10,0,0.01,0.99,198.5,72.0,0,-0.0,0.02,369.2435714509993
0.99,50000,100,-10,0,1.0,0.95,191.17,38.129370423452954,0,-0.0,0.15,346.50668544699874
0.99,50000,100,-100,-10,0.1,0.99,200.0,nan,-2000,-7.680630819527686e-07,0.0,388.6062722709976
0.99,50000,100,-1000,-1,0.001,0.999,172.55,48.375958889075264,-200,-78.45059938171646,0.32,375.3082156559976
0.99,50000,100,-1000,-10,0.5,0.99,200.0,nan,-2000,-8.091011930771866e-08,0.0,395.41163816699554
