gamma,training_episodes,finish_reward,fall_reward,step_reward,learning_rate,learning_rate_decay,avg_steps,std_steps,final_reward,final_loss,success_rate,execution_time,norm_success,norm_steps,norm_time,composite_score
0.95,10000,10,-10,0,0.01,1.0,75.7,28.93609197232329,10,0.4320223896966532,0.99,53.67106918799982,0.99,0.9203317044276618,0.8782475365275996,0.9467490186338186
0.9,50000,100,-1000,0,0.001,1.0,64.94,22.635732813408097,100,0.2045151465754788,1.0,189.69845645699388,1.0,1.0,0.5286673911962958,0.9057334782392592
0.95,10000,100,-1000,0,0.01,0.999,103.87,41.00295258291585,100,2.668775865147093,0.91,48.75454841100145,0.91,0.7117577373019398,0.8908826248157301,0.8467038461537281
0.9,10000,10,-100,0,0.5,1.0,109.57,43.28263039314963,10,0.0003760530557895,0.8,53.60021414899893,0.8,0.6695542721753296,0.8784296286439643,0.7765522073813917
0.95,10000,100,-10,0,0.01,1.0,114.29,41.98209821631976,0,-0.0,0.81,50.29194188200199,0.81,0.6346068414038204,0.8869316393280726,0.7727683802867606
0.95,1000,10,-10,0,0.01,1.0,132.01,42.874129264716416,0,-0.0,0.68,7.472051905999251,0.68,0.5034058936768844,0.9969755331454281,0.690416874732151
0.99,10000,10,-1000,0,0.1,0.999,143.08,36.99381471721134,0,-0.0,0.61,57.09318502699898,0.61,0.4214423219309935,0.8694529564334293,0.605323287865984
0.9,1000,100,-100,0,0.01,1.0,156.75,40.95839439411216,100,15.119231078767095,0.58,7.324796611999773,0.58,0.3202280467940175,0.9973539681658358,0.5855392076713724
0.95,50000,10,-10,0,0.5,0.999,138.67,46.42343469508573,10,0.0800548413644317,0.75,277.9645109310004,0.75,0.4540944765289502,0.3018302757422868,0.5715943981071424
0.95,1000,10,-100,0,0.5,1.0,152.87,45.86232434786555,0,-0.0,0.53,6.295182082001702,0.53,0.34895601954686806,1.0,0.5696868058640605
