gamma,training_episodes,finish_reward,fall_reward,step_reward,learning_rate,learning_rate_decay,entropy_bonus,avg_steps,std_steps,final_reward,final_loss,success_rate,execution_time,norm_success,norm_steps,norm_time,composite_score
0.99,50000,10,-100,0,0.1,1.0,0.2,146.0,45.35548111324063,0,-0.0,0.62,352.8010664439935,1.0,1.0,0.17955783247223633,0.8359115664944473
0.95,50000,100,-10,0,1.0,0.99,0.05,148.15,44.18381742473393,0,-0.0,0.6,351.9257852879964,0.9677419354838709,0.960185185185185,0.18163502652374308,0.8082535286022396
0.99,1000,100,-10,-1,0.01,0.999,0.005,168.86,44.46270316556468,-200,0.0030847908767393,0.42,7.265683418998378,0.6774193548387096,0.5766666666666664,0.9995732495607137,0.7116243273314975
0.95,10000,10,-1000,0,1.0,0.9,0.1,180.66,50.52880132472578,0,-0.0,0.26,69.80447062500753,0.41935483870967744,0.3581481481481482,0.8511578565379,0.48735343510686324
0.99,1000,100,-100,-10,1.0,0.95,0.02,188.81,37.58484400147164,-2000,0.1121469704177786,0.19,7.24534038901038,0.3064516129032258,0.2072222222222222,0.9996215271005546,0.4153167785383905
0.99,10000,100,-100,0,1.0,0.9,0.01,184.26,45.36055827383058,0,-0.0,0.18,70.83914287001244,0.29032258064516125,0.2914814814814817,0.8487023997765407,0.4023462147223333
0.9,10000,10,-10,-10,0.5,0.9,0.005,188.25,47.97781876815577,-2000,-0.0863719243422659,0.16,70.90458146700985,0.25806451612903225,0.21759259259259256,0.8485471026317426,0.3640194563686424
0.95,10000,100,-1000,0,0.5,1.0,0.05,187.09,47.84902181747177,0,-0.0,0.15,70.62953011199716,0.24193548387096772,0.239074074074074,0.8491998472208118,0.3625299336018684
0.9,10000,100,-100,0,0.5,0.95,0.1,189.83,49.159517524740885,0,-0.0,0.14,70.02065008600766,0.22580645161290325,0.18833333333333313,0.8506448251680702,0.3395321908400656
0.9,1000,10,-10,0,0.001,1.0,0.001,192.36,53.24210948321096,0,-0.0,0.12,7.302389850010513,0.1935483870967742,0.1414814814814812,0.9994861388310606,0.3391158657590436
