gamma,training_episodes,finish_reward,fall_reward,step_reward,learning_rate,learning_rate_decay,avg_steps,std_steps,final_reward,final_loss,success_rate,execution_time
0.9,1000,0,-10,0,1.0,0.999,200.0,nan,0,-0.0,0.0,2.332411120998586
0.9,1000,0,-10,-1,0.01,0.95,200.0,nan,-50,-10.274948353239145,0.0,2.4229749360001733
0.9,1000,0,-10,-1,0.1,0.99,194.76,49.790177027151266,-50,-10.503570576470459,0.09,2.556367257000602
0.9,1000,0,-100,0,0.001,1.0,200.0,nan,0,-0.0,0.0,2.70211383700007
0.9,1000,0,-100,0,0.01,1.0,200.0,nan,0,-0.0,0.0,2.560815377999461
0.9,1000,0,-100,0,0.5,0.999,200.0,nan,0,-0.0,0.0,2.5871998710008484
0.9,1000,0,-1000,0,0.01,0.95,200.0,nan,0,-0.0,0.0,2.4848663689990644
0.9,1000,0,-1000,0,0.01,0.99,200.0,nan,0,-0.0,0.0,2.484139009999126
0.9,1000,0,-1000,0,0.5,0.99,200.0,nan,0,-0.0,0.0,2.720705501998964
0.9,1000,0,-1000,-1,0.001,0.99,200.0,nan,-50,-10.567834155834735,0.0,2.589459980999891
0.9,1000,0,-1000,-1,0.1,0.9,200.0,nan,-50,-10.076359287162123,0.0,2.4454934200002754
0.9,1000,0,-1000,-10,1.0,0.95,200.0,nan,-500,-2.308521607366985e-08,0.0,2.4429965500003163
0.9,1000,10,-10,0,0.001,0.999,186.88,26.862789643959566,0,-0.0,0.13,2.47324090300026
0.9,1000,10,-10,-1,0.001,1.0,200.0,nan,-50,-10.368301601327445,0.0,2.4609386370011634
0.9,1000,10,-10,-10,1.0,0.95,200.0,nan,-500,-1.3828817218091765,0.0,2.473469776999991
0.9,1000,10,-100,0,0.5,1.0,185.46,37.160597411774745,0,-0.0,0.2,2.4325868590003665
0.9,1000,10,-100,-1,1.0,0.95,195.75,29.14939965076468,-50,-2.1818843213133423,0.04,2.3874596650002786
0.9,1000,10,-1000,-1,0.001,0.95,200.0,nan,-50,-10.511290754064182,0.0,2.5794881700003316
0.9,1000,100,-10,0,1.0,0.99,179.2,45.21827404592426,0,-0.0,0.26,2.4092293709982187
0.9,1000,100,-100,0,0.01,1.0,200.0,nan,0,-0.0,0.0,2.5148320669995883
0.9,1000,100,-100,0,0.1,0.9,200.0,nan,0,-0.0,0.0,2.450562477000858
0.9,1000,100,-100,-1,0.001,0.999,200.0,nan,-50,-10.560769130014116,0.0,2.387812697999834
0.9,1000,100,-100,-1,0.5,0.9,200.0,nan,-50,-4.150389348125598,0.0,2.334910488998503
0.9,1000,100,-100,-10,1.0,1.0,198.24,56.0,-500,-7.940298863982629e-08,0.02,2.412051113000416
0.9,1000,100,-1000,0,1.0,0.99,199.91,0.0,0,-0.0,0.01,2.616060567999739
0.9,1000,100,-1000,-1,0.001,0.9,200.0,nan,-50,-10.508426441110096,0.0,2.466146602000663
0.9,1000,100,-1000,-1,0.001,0.95,184.58,44.75861183429769,-50,-10.551724464295093,0.18,2.5209064110003965
0.9,10000,0,-10,0,0.001,0.95,200.0,nan,0,-0.0,0.0,25.26082238300114
0.9,10000,0,-10,0,0.01,0.999,200.0,nan,0,-0.0,0.0,25.955613820999133
0.9,10000,0,-10,0,1.0,0.95,200.0,nan,0,-0.0,0.0,24.111995622000904
0.9,10000,0,-10,-1,0.01,0.9,199.57,0.0,-50,-10.291375467893786,0.01,24.231558862000384
0.9,10000,0,-10,-10,0.5,0.99,200.0,nan,-500,-5.197374000239334e-07,0.0,22.75936086799993
0.9,10000,0,-10,-10,1.0,0.95,200.0,nan,-500,-0.0,0.0,22.25104910799928
0.9,10000,0,-100,-1,0.01,0.999,198.47,21.5,-50,-10.5598885452941,0.02,22.78335184699972
0.9,10000,0,-100,-10,0.01,0.9,200.0,nan,-500,-113.8354672208406,0.0,23.359521856000356
0.9,10000,0,-1000,-1,0.5,0.9,200.0,nan,-50,-1.4993472015397358,0.0,22.16809974699936
0.9,10000,10,-10,-10,0.1,0.9,200.0,nan,-500,-0.18534711855504926,0.0,22.021640766000928
0.9,10000,10,-10,-10,0.1,1.0,200.0,nan,-500,-1.7415298272841737e-05,0.0,21.74084041199967
0.9,10000,10,-100,0,0.5,1.0,157.77,46.5946852265151,0,-0.0,0.45,24.271090221998747
0.9,10000,10,-100,-1,1.0,0.99,200.0,nan,-50,-0.00033734837548328846,0.0,24.50085784500152
0.9,10000,10,-100,-10,0.5,0.99,200.0,nan,-500,-0.0006451893579989918,0.0,22.920842514999094
0.9,10000,10,-100,-10,0.5,1.0,195.77,52.00881335568681,-500,-2.724848955768319e-06,0.06,23.374124249001397
0.9,10000,10,-100,-10,1.0,1.0,199.89,0.0,-500,-1.9226176206644133e-13,0.01,23.99321518099896
0.9,10000,10,-1000,-10,0.001,0.999,200.0,nan,-500,-112.06616761547635,0.0,22.802686138000354
0.9,10000,100,-10,-10,0.5,1.0,198.43,0.0,-500,-2.764537502385804e-07,0.01,22.3612538640009
0.9,10000,100,-100,0,1.0,0.95,182.92,43.86270064572527,0,-0.0,0.21,23.12994870500006
0.9,10000,100,-100,-1,0.1,0.9,199.28,21.0,-50,-9.913667368326884,0.02,21.896141105000424
0.9,10000,100,-100,-1,0.5,0.99,199.44,0.0,-50,-5.899547031088823,0.01,22.465323553000417
0.9,10000,100,-100,-10,0.001,0.999,200.0,nan,-500,-113.4473118466118,0.0,22.30319159300052
0.9,10000,100,-100,-10,0.1,0.95,200.0,nan,-500,-40.2915004197152,0.0,21.530508245999954
0.9,10000,100,-100,-10,0.5,0.999,200.0,nan,-500,-5.907128666163198e-05,0.0,20.029837895999663
0.9,10000,100,-1000,0,1.0,0.9,200.0,nan,0,-0.0,0.0,19.539002538000204
0.9,10000,100,-1000,-1,1.0,0.99,192.75,46.82397222577341,-50,-1.9158054659641979,0.08,19.472474662999957
0.9,50000,0,-10,0,0.001,0.95,200.0,nan,0,-0.0,0.0,96.82529046299896
0.9,50000,0,-10,0,0.1,0.99,200.0,nan,0,-0.0,0.0,96.79546748199937
0.9,50000,0,-10,0,1.0,0.95,200.0,nan,0,-0.0,0.0,96.91981441899952
0.9,50000,0,-10,-10,0.001,0.9,200.0,nan,-500,-113.32560251386646,0.0,98.00067869799932
0.9,50000,0,-10,-10,0.01,0.95,199.78,0.0,-500,-61.57107099333123,0.01,97.66486007700041
0.9,50000,0,-1000,0,0.01,1.0,200.0,nan,0,-0.0,0.0,96.95540691799943
0.9,50000,0,-1000,0,0.1,0.999,200.0,nan,0,-0.0,0.0,96.71370737600046
0.9,50000,0,-1000,-1,0.1,0.9,200.0,nan,-50,-10.659704656973217,0.0,96.85267148799903
0.9,50000,0,-1000,-1,0.1,0.95,195.74,56.14861233073055,-50,-10.764176563891121,0.06,96.92212517200096
0.9,50000,0,-1000,-10,0.001,0.9,200.0,nan,-500,-113.19645003462388,0.0,97.13145650399929
0.9,50000,10,-10,0,0.01,0.9,200.0,nan,0,-0.0,0.0,96.50308814399978
0.9,50000,10,-10,-1,0.1,0.99,200.0,nan,-50,-10.491424168853944,0.0,96.86729120599921
0.9,50000,10,-100,0,0.001,0.9,200.0,nan,0,-0.0,0.0,96.66216987100051
0.9,50000,10,-100,0,1.0,0.9,200.0,nan,0,-0.0,0.0,96.66116279699963
0.9,50000,10,-100,0,1.0,0.99,185.09,52.42057484105517,0,-0.0,0.18,96.90386142800162
0.9,50000,10,-100,-10,0.01,0.95,200.0,nan,-500,-111.95590184783723,0.0,96.5420453780007
0.9,50000,10,-100,-10,0.5,0.999,197.57,56.592107812544555,-500,-4.0695934303288974e-05,0.03,95.998732475
0.9,50000,10,-1000,0,0.01,0.9,196.7,40.190172928217166,0,-0.0,0.04,96.84076546899996
0.9,50000,10,-1000,0,0.1,0.999,178.23,47.4759515284841,0,-0.0,0.23,97.28263993899964
0.9,50000,10,-1000,0,1.0,0.9,200.0,nan,0,-0.0,0.0,97.04887163300009
0.9,50000,10,-1000,-1,0.01,0.95,200.0,nan,-50,-10.45801201942839,0.0,97.55497571599881
0.9,50000,10,-1000,-1,0.5,1.0,200.0,nan,-50,-1.3131572844284872e-05,0.0,96.9416918450006
0.9,50000,100,-10,0,1.0,0.9,200.0,nan,0,-0.0,0.0,96.67700581000099
0.9,50000,100,-10,-10,0.5,1.0,200.0,nan,-500,-1.1961785344390355e-07,0.0,96.75960978100011
0.9,50000,100,-100,0,0.5,1.0,180.25,45.50515127836563,0,-0.0,0.27,96.37777021299917
0.9,50000,100,-100,-1,0.001,0.99,200.0,nan,-50,-10.513867954583786,0.0,96.86383985099928
0.9,50000,100,-100,-1,1.0,0.95,200.0,nan,-50,-1.7391017726628393,0.0,97.26151627900072
0.9,50000,100,-1000,0,0.001,1.0,163.21,48.58522795047894,0,-0.0,0.4,96.587240836001
0.9,50000,100,-1000,0,0.1,0.95,118.97,41.875416304825904,0,-0.0,0.88,96.75484691100064
0.9,50000,100,-1000,-1,0.001,0.999,192.37,51.03342042230757,-50,-10.498391942600454,0.1,96.65840527600085
0.95,1000,0,-10,-1,1.0,0.99,200.0,nan,-50,-0.0009378470428295908,0.0,2.1178176419998636
0.95,1000,0,-100,0,1.0,1.0,200.0,nan,0,-0.0,0.0,2.1099013490002108
0.95,1000,0,-100,-1,0.01,0.95,200.0,nan,-50,-17.815732392168613,0.0,2.1148133560000133
0.95,1000,0,-100,-10,0.1,1.0,200.0,nan,-500,-2.508536126190716e-05,0.0,2.105183270999987
0.95,1000,0,-100,-10,0.5,0.95,200.0,nan,-500,-4.432898492723402e-13,0.0,2.1110690149998845
0.95,1000,0,-1000,0,0.01,0.99,200.0,nan,0,-0.0,0.0,2.1167112740004086
0.95,1000,0,-1000,-10,0.001,0.95,200.0,nan,-500,-175.83407478161737,0.0,2.115140760999566
0.95,1000,10,-10,0,0.01,1.0,200.0,nan,0,-0.0,0.0,2.131256115000724
0.95,1000,10,-100,0,0.01,0.9,194.92,36.622700913807854,0,-0.0,0.06,2.103335132000211
0.95,1000,10,-100,0,0.5,1.0,186.73,39.75582915192555,0,-0.0,0.17,2.1086455320000823
0.95,1000,10,-100,-1,0.001,0.95,200.0,nan,-50,-17.326063017658484,0.0,2.138473930001055
0.95,1000,10,-100,-10,0.01,0.9,198.37,0.0,-500,-173.15480244775404,0.01,2.130901559999984
0.95,1000,10,-1000,0,0.001,1.0,200.0,nan,0,-0.0,0.0,2.1329399070000363
0.95,1000,10,-1000,0,0.1,0.99,171.18,46.489685509000395,0,-0.0,0.38,2.0885999019992596
0.95,1000,10,-1000,0,0.1,1.0,200.0,nan,0,-0.0,0.0,2.1126967149994016
0.95,1000,10,-1000,-1,0.01,0.99,199.11,0.0,-50,-17.393775606842276,0.01,2.106817427998976
0.95,1000,10,-1000,-1,0.1,0.95,200.0,nan,-50,-17.600632585871242,0.0,2.1129900949999865
0.95,1000,10,-1000,-1,0.1,1.0,181.85,44.66897926227253,-50,-8.289114442799468,0.24,2.108416633000161
0.95,1000,100,-10,0,0.01,0.95,200.0,nan,0,-0.0,0.0,2.1307187090005755
0.95,1000,100,-10,0,0.01,1.0,171.52,44.943793768861454,0,-0.0,0.38,2.0930660430003627
0.95,1000,100,-10,-1,0.001,0.999,200.0,nan,-50,-17.51726504937277,0.0,2.1158351249996485
0.95,1000,100,-100,-1,0.5,0.99,194.25,33.19638534539566,-50,-3.8762637443332495,0.05,2.1121043030016153
0.95,1000,100,-100,-1,0.5,1.0,196.21,14.13108276106258,-50,-0.0022795428517462736,0.04,2.1248138310002105
0.95,1000,100,-100,-1,1.0,0.95,200.0,nan,-50,-0.013274593316758372,0.0,2.1201680890007992
0.95,1000,100,-100,-10,0.001,0.9,200.0,nan,-500,-176.51704089768663,0.0,2.112326343998575
0.95,1000,100,-100,-10,0.01,1.0,195.77,25.35823337695274,-500,-78.50112458918782,0.05,2.1164013359993987
0.95,1000,100,-1000,0,0.001,1.0,200.0,nan,0,-0.0,0.0,2.1080314489990997
0.95,1000,100,-1000,-1,0.01,0.9,200.0,nan,-50,-17.101337540835377,0.0,2.113325802998588
0.95,1000,100,-1000,-1,0.1,1.0,200.0,nan,-50,-7.113202412143256,0.0,2.123612306999348
0.95,1000,100,-1000,-10,0.1,0.9,200.0,nan,-500,-0.05050706815042166,0.0,2.1113956839999446
0.95,1000,100,-1000,-10,1.0,0.999,200.0,nan,-500,-0.0,0.0,2.1093061580013455
0.95,10000,0,-10,0,0.5,0.9,200.0,nan,0,-0.0,0.0,19.39987432899943
0.95,10000,0,-10,-1,0.01,0.99,200.0,nan,-50,-17.19619579637587,0.0,19.43770312400011
0.95,10000,0,-10,-10,0.1,0.999,196.79,41.12405014100629,-500,-2.085323770898614,0.04,19.45793402000163
0.95,10000,0,-10,-10,0.5,0.9,200.0,nan,-500,-1.6105999354765137e-08,0.0,19.51381600899913
0.95,10000,0,-10,-10,0.5,0.99,200.0,nan,-500,-6.598283010543278e-06,0.0,19.44372207500055
0.95,10000,0,-10,-10,1.0,0.95,197.47,50.39400317057135,-500,-6.748394616823111e-06,0.03,19.59062283700041
0.95,10000,0,-100,0,1.0,1.0,200.0,nan,0,-0.0,0.0,19.518268472000273
0.95,10000,0,-100,-1,1.0,0.9,200.0,nan,-50,-1.3323918541751778,0.0,19.660413394998614
0.95,10000,0,-100,-1,1.0,0.95,200.0,nan,-50,-0.0034531189730587233,0.0,19.578558314000475
0.95,10000,0,-100,-10,0.01,1.0,199.48,0.0,-500,-79.96120567314273,0.01,19.541462998000497
0.95,10000,0,-1000,0,0.01,0.9,200.0,nan,0,-0.0,0.0,19.59555933000047
0.95,10000,0,-1000,0,0.01,1.0,200.0,nan,0,-0.0,0.0,19.59639084199989
0.95,10000,0,-1000,-1,0.001,0.95,200.0,nan,-50,-17.337712595763286,0.0,19.56840251599897
0.95,10000,0,-1000,-1,0.01,0.99,200.0,nan,-50,-17.380121809470435,0.0,19.60953253200023
0.95,10000,10,-10,0,0.01,1.0,181.82,44.8789661199988,0,-0.0,0.25,19.70742352600064
0.95,10000,10,-10,-10,0.001,0.99,190.53,44.78640960388655,-500,-179.05196553430534,0.13,19.677625115999035
0.95,10000,10,-10,-10,0.5,0.95,200.0,nan,-500,-0.0,0.0,19.641107569999804
0.95,10000,10,-100,-1,0.01,0.999,199.23,0.0,-50,-17.33935516532843,0.01,19.66506477599978
0.95,10000,10,-100,-1,0.5,0.999,200.0,nan,-50,-0.00024382112163267057,0.0,19.714094216000376
0.95,10000,10,-100,-1,1.0,0.99,199.48,0.0,-50,-0.003944917485976105,0.01,19.732842589999564
0.95,10000,10,-1000,0,0.1,0.9,200.0,nan,0,-0.0,0.0,19.487390488999154
0.95,10000,10,-1000,0,1.0,0.95,169.05,42.58713990661197,0,-0.0,0.41,19.522484604000056
0.95,10000,10,-1000,-1,0.01,0.9,198.79,38.5,-50,-17.420922868516268,0.02,19.606734496999707
0.95,10000,10,-1000,-10,0.01,0.999,200.0,nan,-500,-123.52651803904153,0.0,19.60015472899977
0.95,10000,10,-1000,-10,0.5,0.99,197.54,9.0,-500,-6.923175346809444e-05,0.02,19.506368137999743
0.95,10000,100,-10,0,0.01,1.0,162.53,43.50289301506593,0,-0.0,0.42,19.48109133499929
0.95,10000,100,-10,-10,0.5,0.99,198.87,0.0,-500,-3.5108695059129405e-06,0.01,19.575387666000097
0.95,10000,100,-100,0,0.1,0.9,200.0,nan,0,-0.0,0.0,19.530154884001604
0.95,10000,100,-100,-1,0.01,0.95,197.99,40.5054008744513,-50,-17.17940797561199,0.04,19.606732973999897
0.95,10000,100,-100,-1,0.1,1.0,197.74,21.195518394226642,-50,-4.646134648317978,0.04,19.477966788999765
0.95,10000,100,-1000,0,0.01,0.999,192.38,50.53051883103253,0,-0.0,0.09,19.49173753099967
0.95,10000,100,-1000,-1,0.1,0.95,200.0,nan,-50,-0.046620673013543,0.0,19.5535896220008
0.95,10000,100,-1000,-1,0.5,0.9,200.0,nan,-50,-9.71947721928844,0.0,19.636735051999494
0.95,50000,0,-10,-1,0.5,0.999,198.06,6.0,-50,-8.86179589403776,0.02,97.11822942300023
0.95,50000,0,-100,0,0.001,0.9,200.0,nan,0,-0.0,0.0,96.8783909169997
0.95,50000,0,-100,0,0.001,1.0,200.0,nan,0,-0.0,0.0,96.20363044999976
0.95,50000,0,-100,0,0.5,1.0,200.0,nan,0,-0.0,0.0,96.02489281199996
0.95,50000,0,-100,-1,0.001,0.99,200.0,nan,-50,-17.31869414508775,0.0,96.66367883299972
0.95,50000,0,-100,-10,1.0,0.9,200.0,nan,-500,-2.9381040406679025e-05,0.0,97.32864424099898
0.95,50000,10,-10,0,0.01,0.9,200.0,nan,0,-0.0,0.0,97.06735363799999
0.95,50000,10,-10,0,0.5,0.999,174.72,39.67105871297468,0,-0.0,0.26,96.43280805099857
0.95,50000,10,-10,0,1.0,1.0,195.14,22.93817778290159,0,-0.0,0.05,96.23611830899972
0.95,50000,10,-10,-1,0.001,0.999,200.0,nan,-50,-17.355119102266823,0.0,96.61722036300125
0.95,50000,10,-100,-1,0.01,0.999,184.65,39.705925925902015,-50,-17.33121861947994,0.17,96.2525721819984
0.95,50000,10,-1000,-1,0.01,0.999,188.84,54.93177586788907,-50,-17.445765298334976,0.12,96.17939556900092
0.95,50000,100,-10,0,0.001,0.95,179.41,46.483849495162175,0,-0.0,0.24,96.14673303400014
0.95,50000,100,-10,-10,0.5,0.99,199.61,0.0,-500,-1.1126087831953554e-07,0.01,96.92153128100108
0.95,50000,100,-100,0,0.1,1.0,184.41,57.742273356052934,0,-0.0,0.23,96.30110648600021
0.95,50000,100,-100,-1,0.5,0.95,198.8,0.0,-50,-2.0789347457406366,0.01,97.45067169100003
0.95,50000,100,-100,-10,0.001,0.95,200.0,nan,-500,-174.5828686934615,0.0,97.865771271001
0.95,50000,100,-100,-10,0.1,1.0,200.0,nan,-500,-1.2242943504138234e-06,0.0,97.03914090699982
0.95,50000,100,-1000,-10,0.01,1.0,200.0,nan,-500,-74.10852065499428,0.0,97.10450422900067
0.95,50000,100,-1000,-10,0.1,0.99,198.02,53.0,-500,-0.016023623108971926,0.02,97.0033377180007
0.99,1000,0,-10,-1,0.001,0.99,200.0,nan,-50,-29.48892928568397,0.0,2.150270076999732
0.99,1000,0,-10,-1,0.01,0.999,200.0,nan,-50,-29.604430014096422,0.0,2.137629247001314
0.99,1000,0,-10,-1,0.5,1.0,195.18,27.075041112428053,-50,-0.0012478040098034516,0.11,2.1452553709987114
0.99,1000,0,-10,-1,1.0,0.9,200.0,nan,-50,-4.21319645838067e-12,0.0,2.1394396360010433
0.99,1000,0,-10,-1,1.0,0.95,200.0,nan,-50,-0.0,0.0,2.125697516999935
0.99,1000,0,-10,-10,0.001,0.95,200.0,nan,-500,-299.16783770481686,0.0,2.123592539999663
0.99,1000,0,-100,0,0.5,0.95,200.0,nan,0,-0.0,0.0,2.1256644429995504
0.99,1000,0,-100,-1,0.1,0.95,192.55,37.16732062204945,-50,-20.81326737332713,0.12,2.124842274999537
0.99,1000,0,-100,-1,0.1,0.99,200.0,nan,-50,-14.014770502113745,0.0,2.136739655999918
0.99,1000,0,-100,-1,0.5,0.999,200.0,nan,-50,-2.2291817290081465e-05,0.0,2.1364740249991883
0.99,1000,0,-1000,0,1.0,0.99,200.0,nan,0,-0.0,0.0,2.1500425360009103
0.99,1000,0,-1000,-10,1.0,0.99,199.37,0.0,-500,-3.086420008457935e-16,0.01,2.1298931739984255
0.99,1000,10,-10,-1,0.5,1.0,200.0,nan,-50,-0.00042128967943617197,0.0,2.148970959999133
0.99,1000,10,-10,-10,0.001,0.9,200.0,nan,-500,-300.94309942181076,0.0,2.1303301620009734
0.99,1000,10,-10,-10,0.001,0.95,200.0,nan,-500,-297.9999676494688,0.0,2.1315517709990672
0.99,1000,10,-10,-10,0.5,0.9,200.0,nan,-500,-1.3433547607639522e-11,0.0,2.1198088040000584
0.99,1000,10,-10,-10,1.0,0.99,199.02,21.202725191719,-500,-0.0,0.03,2.1166284360006102
0.99,1000,10,-100,0,0.01,0.9,200.0,nan,0,-0.0,0.0,2.1216453410015674
0.99,1000,10,-100,0,0.5,1.0,200.0,nan,0,-0.0,0.0,2.114628220000668
0.99,1000,10,-100,-1,0.5,0.999,189.58,36.796361535105916,-50,-5.174184293189152e-05,0.12,2.10231749400009
0.99,1000,10,-100,-1,0.5,1.0,200.0,nan,-50,-1.2387164465923096e-05,0.0,2.1223616280003625
0.99,1000,10,-1000,0,0.1,0.95,200.0,nan,0,-0.0,0.0,2.1101839220009424
0.99,1000,10,-1000,-10,0.001,1.0,200.0,nan,-500,-288.74028492385673,0.0,2.117175016001056
0.99,1000,10,-1000,-10,0.01,0.999,197.4,41.34610017885605,-500,-111.81786605960335,0.04,2.121597256000314
0.99,1000,100,-10,0,0.001,1.0,197.54,41.70431632337353,0,-0.0,0.04,2.1102535359987087
0.99,1000,100,-10,-10,0.5,0.99,200.0,nan,-500,-0.0,0.0,2.1110296770002606
0.99,1000,100,-100,0,0.001,0.95,200.0,nan,0,-0.0,0.0,2.1140334749998146
0.99,1000,100,-100,0,0.001,0.99,185.4,49.6273090756912,0,-0.0,0.19,2.0904419159996905
0.99,1000,100,-100,0,0.1,1.0,195.08,42.10040907692518,0,-0.0,0.09,2.134436199999982
0.99,1000,100,-100,0,0.5,1.0,198.57,42.679685513784605,0,-0.0,0.03,2.117913782998585
0.99,1000,100,-1000,-10,0.1,0.9,200.0,nan,-500,-1.2692489770353275e-09,0.0,2.114229451000938
0.99,10000,0,-10,-1,0.1,0.9,200.0,nan,-50,-14.639757174613951,0.0,19.631809903999965
0.99,10000,0,-100,0,0.001,0.999,200.0,nan,0,-0.0,0.0,19.513250984999104
0.99,10000,0,-100,-1,0.1,0.99,198.69,0.0,-50,-11.242045277788876,0.01,19.51263422000011
0.99,10000,0,-100,-10,1.0,0.95,200.0,nan,-500,-0.0008340465078147016,0.0,19.58441090999986
0.99,10000,0,-1000,0,1.0,0.95,200.0,nan,0,-0.0,0.0,19.51541153100152
0.99,10000,0,-1000,-1,0.001,0.95,200.0,nan,-50,-29.285797533041073,0.0,19.553926463000607
0.99,10000,0,-1000,-1,0.5,0.99,200.0,nan,-50,-0.0005130381533066309,0.0,19.642284454999754
0.99,10000,0,-1000,-10,0.5,0.999,195.9,33.893952262903774,-500,-7.903196055374299e-08,0.05,19.61794282899973
0.99,10000,10,-10,0,0.001,0.99,184.53,34.65999935885106,0,-0.0,0.15,19.45574952499919
0.99,10000,10,-10,0,0.5,0.99,196.28,38.982902235039745,0,-0.0,0.06,19.44233117499971
0.99,10000,10,-10,0,1.0,1.0,182.17,43.060957882402015,0,-0.0,0.16,19.472083429000122
0.99,10000,10,-10,-10,0.01,0.9,188.64,41.647941370590736,-500,-257.78883399473034,0.14,19.721053911000126
0.99,10000,10,-10,-10,0.1,0.95,200.0,nan,-500,-0.0015059550308690467,0.0,19.52261157099929
0.99,10000,10,-100,0,0.001,0.9,200.0,nan,0,-0.0,0.0,19.29748416199982
0.99,10000,10,-1000,0,0.1,0.999,200.0,nan,0,-0.0,0.0,19.326408713999626
0.99,10000,10,-1000,-1,0.01,0.99,195.06,39.90265933772111,-50,-28.99515001529496,0.06,19.423089701000208
0.99,10000,10,-1000,-10,0.001,0.999,198.74,14.9248115565993,-500,-303.0048306478726,0.04,19.31249299299816
0.99,10000,10,-1000,-10,1.0,0.95,200.0,nan,-500,-0.0007992165441221514,0.0,19.433378121000715
0.99,10000,100,-10,0,0.1,1.0,175.68,51.49668118078529,0,-0.0,0.33,19.27227834000223
0.99,10000,100,-100,0,1.0,0.95,200.0,nan,0,-0.0,0.0,19.318355855000846
0.99,10000,100,-100,0,1.0,1.0,186.07,37.28440080261283,0,-0.0,0.18,19.282159403999685
0.99,10000,100,-100,-1,1.0,0.95,200.0,nan,-50,-0.007518441032113037,0.0,19.42976250799984
0.99,10000,100,-1000,0,1.0,0.9,200.0,nan,0,-0.0,0.0,19.3215488120004
0.99,10000,100,-1000,-1,0.001,0.95,200.0,nan,-50,-29.404739224882352,0.0,19.432531745002052
0.99,10000,100,-1000,-10,1.0,0.99,200.0,nan,-500,-6.103139464411163e-06,0.0,19.44538342299711
0.99,50000,0,-10,0,0.5,0.9,200.0,nan,0,-0.0,0.0,96.18340460200125
0.99,50000,0,-10,-1,0.5,0.9,200.0,nan,-50,-4.851754025968678,0.0,96.67259436300083
0.99,50000,0,-100,-1,0.01,0.95,200.0,nan,-50,-28.755931584740548,0.0,96.70416835800279
0.99,50000,0,-100,-1,0.1,0.9,200.0,nan,-50,-17.570930406786495,0.0,96.67561962799664
0.99,50000,0,-1000,0,0.1,0.95,200.0,nan,0,-0.0,0.0,95.9015771710001
0.99,50000,0,-1000,0,0.5,1.0,200.0,nan,0,-0.0,0.0,96.26700812499985
0.99,50000,0,-1000,-10,1.0,0.99,194.5,26.80368444822465,-500,-2.654525521742477e-05,0.08,96.30388800199944
0.99,50000,10,-10,0,1.0,0.99,187.09,47.87541501983872,0,-0.0,0.17,96.04356940499929
0.99,50000,10,-10,-1,0.5,0.95,187.14,46.32477064163405,-50,-5.724995808190862,0.16,97.4190485020008
0.99,50000,10,-10,-1,1.0,0.9,200.0,nan,-50,-2.1156147056550016e-10,0.0,97.50610644300104
0.99,50000,10,-10,-1,1.0,0.95,200.0,nan,-50,-0.00528992682243585,0.0,97.65662662700197
0.99,50000,10,-10,-10,0.1,0.95,200.0,nan,-500,-0.17328316144270692,0.0,97.30344945699835
0.99,50000,10,-10,-10,0.5,0.99,188.77,49.280090744133176,-500,-0.0014253607417763668,0.16,96.86962011899959
0.99,50000,10,-100,0,0.001,0.9,200.0,nan,0,-0.0,0.0,96.70271075999699
0.99,50000,10,-100,-1,0.001,0.95,200.0,nan,-50,-29.26633178056412,0.0,96.72476300500057
0.99,50000,10,-100,-1,0.001,0.999,200.0,nan,-50,-29.443806736127755,0.0,96.0013043580002
0.99,50000,10,-100,-10,0.001,1.0,200.0,nan,-500,-292.20692865485796,0.0,96.2614016080006
0.99,50000,10,-100,-10,0.1,0.95,200.0,nan,-500,-0.0,0.0,95.77564624299703
0.99,50000,10,-100,-10,0.5,0.9,200.0,nan,-500,-0.0,0.0,96.5860349359973
0.99,50000,10,-1000,0,0.001,0.95,200.0,nan,0,-0.0,0.0,95.88208912199843
0.99,50000,10,-1000,-1,0.001,0.999,200.0,nan,-50,-29.432474826274937,0.0,96.10818233900136
0.99,50000,10,-1000,-10,1.0,0.95,200.0,nan,-500,-0.00012645887947610845,0.0,96.45452231600211
0.99,50000,100,-10,0,0.01,0.99,192.56,44.84231632435297,0,-0.0,0.12,96.23533973500162
0.99,50000,100,-10,0,1.0,0.95,200.0,nan,0,-0.0,0.0,95.93204178999804
0.99,50000,100,-100,-10,0.1,0.99,200.0,nan,-500,-0.0,0.0,96.06615214199701
0.99,50000,100,-1000,-1,0.001,0.999,195.01,36.97783119654262,-50,-29.453485605645916,0.05,96.21509015599804
0.99,50000,100,-1000,-10,0.5,0.99,200.0,nan,-500,-1.538595603683106e-06,0.0,96.53570821700123
